-- phpMyAdmin SQL Dump
-- version 4.1.14
-- http://www.phpmyadmin.net
--
-- Host: 127.0.0.1
-- Generation Time: Nov 18, 2018 at 01:19 AM
-- Server version: 5.6.17
-- PHP Version: 5.5.12

SET SQL_MODE = "NO_AUTO_VALUE_ON_ZERO";
SET time_zone = "+00:00";


/*!40101 SET @OLD_CHARACTER_SET_CLIENT=@@CHARACTER_SET_CLIENT */;
/*!40101 SET @OLD_CHARACTER_SET_RESULTS=@@CHARACTER_SET_RESULTS */;
/*!40101 SET @OLD_COLLATION_CONNECTION=@@COLLATION_CONNECTION */;
/*!40101 SET NAMES utf8 */;

--
-- Database: `pragati`
--

-- --------------------------------------------------------

--
-- Table structure for table `tbl_ads`
--

CREATE TABLE IF NOT EXISTS `tbl_ads` (
  `wardno` int(2) NOT NULL,
  `ads_id` int(4) NOT NULL
) ENGINE=InnoDB DEFAULT CHARSET=latin1;

--
-- Dumping data for table `tbl_ads`
--

INSERT INTO `tbl_ads` (`wardno`, `ads_id`) VALUES
(1, 1),
(2, 4),
(4, 9),
(5, 11),
(9, 0);

-- --------------------------------------------------------

--
-- Table structure for table `tbl_attendance`
--

CREATE TABLE IF NOT EXISTS `tbl_attendance` (
  `attid` int(5) NOT NULL AUTO_INCREMENT,
  `mid` int(4) NOT NULL,
  `userid` int(4) NOT NULL,
  `attendance` varchar(8) NOT NULL,
  `pay_amt` int(4) NOT NULL,
  PRIMARY KEY (`attid`)
) ENGINE=InnoDB  DEFAULT CHARSET=latin1 AUTO_INCREMENT=25 ;

--
-- Dumping data for table `tbl_attendance`
--

INSERT INTO `tbl_attendance` (`attid`, `mid`, `userid`, `attendance`, `pay_amt`) VALUES
(1, 1, 3, 'Present', 50),
(2, 1, 5, 'Absent', 0),
(3, 1, 6, 'Present', 50),
(4, 2, 3, 'Present', 50),
(5, 2, 5, 'Present', 100),
(6, 2, 6, 'Present', 50),
(7, 3, 3, 'Present', 50),
(8, 3, 5, 'Absent', 0),
(9, 3, 6, 'Present', 50),
(10, 4, 3, 'Present', 50),
(11, 4, 5, 'Present', 100),
(12, 4, 6, 'Present', 50),
(13, 5, 3, 'Present', 0),
(14, 5, 5, 'Present', 50),
(15, 5, 6, 'Present', 50),
(16, 6, 1, 'Present', 50),
(17, 7, 3, 'Present', 25),
(18, 7, 5, 'Absent', 50),
(19, 7, 6, 'Present', 30),
(20, 8, 3, 'Present', 20),
(21, 8, 5, 'Present', 30),
(22, 8, 6, 'Present', 40),
(23, 9, 1, 'Present', 20),
(24, 10, 1, 'Present', 20);

-- --------------------------------------------------------

--
-- Table structure for table `tbl_feedback`
--

CREATE TABLE IF NOT EXISTS `tbl_feedback` (
  `fid` int(5) NOT NULL AUTO_INCREMENT,
  `name` varchar(25) NOT NULL,
  `feedback` varchar(100) NOT NULL,
  PRIMARY KEY (`fid`)
) ENGINE=InnoDB  DEFAULT CHARSET=latin1 AUTO_INCREMENT=3 ;

-- --------------------------------------------------------

--
-- Table structure for table `tbl_loanpayment`
--

CREATE TABLE IF NOT EXISTS `tbl_loanpayment` (
  `lid` int(5) NOT NULL AUTO_INCREMENT,
  `loanid` int(4) NOT NULL,
  `amount` int(5) NOT NULL,
  `dateofpay` varchar(10) NOT NULL,
  PRIMARY KEY (`lid`)
) ENGINE=InnoDB  DEFAULT CHARSET=latin1 AUTO_INCREMENT=2 ;

--
-- Dumping data for table `tbl_loanpayment`
--

INSERT INTO `tbl_loanpayment` (`lid`, `loanid`, `amount`, `dateofpay`) VALUES
(1, 2, 500, '14/11/2018');

-- --------------------------------------------------------

--
-- Table structure for table `tbl_loans`
--

CREATE TABLE IF NOT EXISTS `tbl_loans` (
  `loanid` int(4) NOT NULL AUTO_INCREMENT,
  `userid` int(4) NOT NULL,
  `loanamt` int(6) NOT NULL,
  `purpose` varchar(100) NOT NULL,
  `verifyby` varchar(4) NOT NULL,
  `reqdate` varchar(10) NOT NULL,
  `approvedate` varchar(10) NOT NULL,
  `duepayment` int(6) NOT NULL,
  `status` varchar(20) NOT NULL,
  PRIMARY KEY (`loanid`)
) ENGINE=InnoDB  DEFAULT CHARSET=latin1 AUTO_INCREMENT=5 ;

--
-- Dumping data for table `tbl_loans`
--

INSERT INTO `tbl_loans` (`loanid`, `userid`, `loanamt`, `purpose`, `verifyby`, `reqdate`, `approvedate`, `duepayment`, `status`) VALUES
(1, 6, 10000, '', '1', '13/11/2018', 'nil', 0, 'Admin Rejected'),
(2, 1, 10000, 'jhh', '1', '14/11/2018', '14/11/2018', 9500, 'Repayment Pending'),
(3, 5, 12000, 'personal', '1', '14/11/2018', 'nil', 0, 'ADS Rejected'),
(4, 9, 10000, 'jj', 'nil', '14/11/2018', 'nil', 0, 'Applied');

-- --------------------------------------------------------

--
-- Table structure for table `tbl_login`
--

CREATE TABLE IF NOT EXISTS `tbl_login` (
  `userid` int(4) NOT NULL,
  `username` varchar(30) NOT NULL,
  `password` varchar(30) NOT NULL,
  `usertype` varchar(15) NOT NULL
) ENGINE=InnoDB DEFAULT CHARSET=latin1;

--
-- Dumping data for table `tbl_login`
--

INSERT INTO `tbl_login` (`userid`, `username`, `password`, `usertype`) VALUES
(0, 'admin', 'admin', 'admin'),
(1, 'a', 'a', 'cds'),
(2, 'b', 'b', 'unitadmin'),
(3, 'c', 'c', 'unitadmin'),
(4, 'd', 'd', 'ads'),
(7, 'g', 'g', 'Member'),
(9, 'hari', 'hari', 'ads'),
(10, 'vi', 'vi', 'Member'),
(11, 'o', 'o', 'ads'),
(12, 'i', 'i', 'unitadmin'),
(13, 'y', 'y', 'Member'),
(14, 'q', 'q', 'unitadmin'),
(15, 't', 't', 'Member');

-- --------------------------------------------------------

--
-- Table structure for table `tbl_member`
--

CREATE TABLE IF NOT EXISTS `tbl_member` (
  `userid` int(4) NOT NULL AUTO_INCREMENT,
  `wardno` int(2) NOT NULL,
  `unitid` int(2) NOT NULL,
  `name` varchar(30) NOT NULL,
  `address` varchar(50) NOT NULL,
  `phone` varchar(12) NOT NULL,
  `dob` varchar(10) NOT NULL,
  `aadhar` varchar(12) NOT NULL,
  `status` varchar(25) NOT NULL,
  PRIMARY KEY (`userid`)
) ENGINE=InnoDB  DEFAULT CHARSET=latin1 AUTO_INCREMENT=16 ;

--
-- Dumping data for table `tbl_member`
--

INSERT INTO `tbl_member` (`userid`, `wardno`, `unitid`, `name`, `address`, `phone`, `dob`, `aadhar`, `status`) VALUES
(1, 1, 1, 'a', 'a', '1234', '01/01/1995', '1234', 'Verified'),
(2, 2, 2, 'b', 'b', '2345', '01/01/1995', '2345', 'Verified'),
(3, 1, 3, 'c', 'c', '3456', '01/01/1995', '3456', 'Verified'),
(4, 2, 4, 'd', 'd', '4567', '01/01/1995', '4567', 'Verified'),
(7, 1, 3, 'g', 'g', '7890', '01/01/1995', '7890', 'Verified'),
(9, 4, 5, 'Hari Sankar', 'Thyparambil', '7894561230', '06/06/1995', '125412541254', 'Verified'),
(10, 4, 5, 'vinu', 'vinu', '8086182042', '04/09/2018', '125812581369', 'Verified'),
(11, 5, 6, 'o', 'o', 'o', 'o', 'o', 'Verified'),
(12, 5, 7, 'i', 'i', 'i', 'i', 'i', 'Verified'),
(13, 5, 8, 'y', 'y', 'y', 'y', 'y', 'Not Verified'),
(14, 9, 9, 'q', 'q', '9696858574', '25/05/2011', '159159159159', 'Verified'),
(15, 5, 7, 't', 't', '7845693210', '12/05/1995', '147258369147', 'Verified');

-- --------------------------------------------------------

--
-- Table structure for table `tbl_mempayment`
--

CREATE TABLE IF NOT EXISTS `tbl_mempayment` (
  `mpid` int(4) NOT NULL AUTO_INCREMENT,
  `userid` int(4) NOT NULL,
  `totpay` int(5) NOT NULL,
  PRIMARY KEY (`mpid`)
) ENGINE=InnoDB  DEFAULT CHARSET=latin1 AUTO_INCREMENT=12 ;

--
-- Dumping data for table `tbl_mempayment`
--

INSERT INTO `tbl_mempayment` (`mpid`, `userid`, `totpay`) VALUES
(1, 1, 90),
(2, 2, 0),
(3, 3, 245),
(4, 4, 0),
(5, 5, 280),
(6, 6, 320),
(8, 9, 0),
(9, 11, 0),
(10, 12, 0),
(11, 14, 0);

-- --------------------------------------------------------

--
-- Table structure for table `tbl_message`
--

CREATE TABLE IF NOT EXISTS `tbl_message` (
  `msgid` int(4) NOT NULL AUTO_INCREMENT,
  `message` varchar(100) NOT NULL,
  `datee` varchar(10) NOT NULL,
  `fromid` int(4) NOT NULL,
  `usertype` varchar(15) NOT NULL,
  PRIMARY KEY (`msgid`)
) ENGINE=InnoDB  DEFAULT CHARSET=latin1 AUTO_INCREMENT=47 ;

--
-- Dumping data for table `tbl_message`
--

INSERT INTO `tbl_message` (`msgid`, `message`, `datee`, `fromid`, `usertype`) VALUES
(1, 'fgsdgd', '14/11/2018', 10, 'nhg'),
(2, 'fgsdgd', '14/11/2018', 10, 'nhg'),
(3, 'ffasf', '14/11/2018', 10, 'nhg'),
(4, 'adsqwa', '14/11/2018', 10, 'nhg'),
(5, 'asfdf', '14/11/2018', 10, 'nhg'),
(6, 'sdsfd', '14/11/2018', 10, 'nhg'),
(7, 'safas', '14/11/2018', 10, 'nhg'),
(8, 'saaf', '14/11/2018', 10, 'nhg'),
(9, 'fdsf', '14/11/2018', 10, 'nhg'),
(10, 'sfsdf', '14/11/2018', 10, 'nhg'),
(11, 'afaf', '14/11/2018', 10, 'nhg'),
(12, 'sf', '14/11/2018', 10, 'nhg'),
(13, 'sfsaf', '14/11/2018', 10, 'nhg'),
(14, 'adsd', '14/11/2018', 1, 'unitadmin'),
(15, 'asf', '14/11/2018', 3, 'unitadmin'),
(16, 'asfdsadf', '14/11/2018', 3, 'nhg'),
(17, 'fdsf', '14/11/2018', 3, 'nhg'),
(18, 'fdsfd', '14/11/2018', 3, 'nhg'),
(19, 'sdsafds', '14/11/2018', 1, 'unitadmin'),
(20, 'ss', '14/11/2018', 1, 'unitadmin'),
(21, 'fsd', '14/11/2018', 1, 'unitadmin'),
(22, 'fdsaf', '14/11/2018', 1, 'unitadmin'),
(23, 'dfds', '14/11/2018', 1, 'unitadmin'),
(24, 'asa', '14/11/2018', 1, 'unitadmin'),
(25, 'sfd', '14/11/2018', 1, 'unitadmin'),
(26, 'fsdf', '14/11/2018', 1, 'unitadmin'),
(27, 'hhh', '14/11/2018', 9, 'cds'),
(28, 'dfd', '14/11/2018', 9, 'cds'),
(29, 'ads', '14/11/2018', 9, 'cds'),
(30, 'ads', '14/11/2018', 9, 'cds'),
(31, 'sad', '14/11/2018', 9, 'cds'),
(32, 'asds', '14/11/2018', 9, 'cds'),
(33, 'sfd', '14/11/2018', 0, 'admin'),
(34, 'fdf', '14/11/2018', 0, 'admin'),
(35, 'dfds', '14/11/2018', 0, 'admin'),
(36, 'dfsd', '14/11/2018', 0, 'admin'),
(37, 'fgf', '15/11/2018', 0, 'admin'),
(38, 'sfdf', '15/11/2018', 0, 'admin'),
(39, 'sfdf', '15/11/2018', 0, 'admin'),
(40, 'dfd', '15/11/2018', 0, 'admin'),
(41, 'sadsfa', '15/11/2018', 0, 'admin'),
(42, 'dfds', '16/11/2018', 0, 'admin'),
(43, 'ssa', '17/11/2018', 12, 'unitadmin'),
(44, 'dsda', '17/11/2018', 0, 'admin'),
(45, 'dfd', '17/11/2018', 1, 'cds'),
(46, 'ss', '17/11/2018', 1, 'nhg');

-- --------------------------------------------------------

--
-- Table structure for table `tbl_messagedetails`
--

CREATE TABLE IF NOT EXISTS `tbl_messagedetails` (
  `id` int(5) NOT NULL AUTO_INCREMENT,
  `toid` int(4) NOT NULL,
  `msgid` int(4) NOT NULL,
  `totype` varchar(15) NOT NULL,
  PRIMARY KEY (`id`)
) ENGINE=InnoDB  DEFAULT CHARSET=latin1 AUTO_INCREMENT=110 ;

--
-- Dumping data for table `tbl_messagedetails`
--

INSERT INTO `tbl_messagedetails` (`id`, `toid`, `msgid`, `totype`) VALUES
(1, 9, 15, 'unitadmin'),
(2, 9, 16, 'unitadmin'),
(3, 9, 17, 'ads'),
(4, 9, 1, 'ads'),
(5, 9, 2, 'ads'),
(6, 9, 3, 'ads'),
(7, 9, 4, 'cds'),
(8, 9, 5, 'ads'),
(9, 9, 6, 'cds'),
(12, 9, 12, 'cds'),
(14, 1, 14, 'member'),
(15, 3, 15, 'member'),
(16, 5, 15, 'member'),
(17, 7, 15, 'member'),
(19, 9, 17, 'cds'),
(21, 1, 19, 'member'),
(22, 3, 19, 'member'),
(23, 5, 19, 'member'),
(24, 7, 19, 'member'),
(25, 1, 20, 'ads'),
(26, 9, 21, 'cds'),
(27, 0, 22, 'admin'),
(28, 1, 23, 'member'),
(29, 3, 23, 'member'),
(30, 5, 23, 'member'),
(31, 7, 23, 'member'),
(32, 1, 24, 'unitadmin'),
(33, 3, 24, 'unitadmin'),
(34, 9, 25, 'cds'),
(36, 1, 27, 'member'),
(37, 2, 27, 'member'),
(38, 3, 27, 'member'),
(39, 4, 27, 'member'),
(40, 5, 27, 'member'),
(41, 7, 27, 'member'),
(42, 9, 27, 'member'),
(43, 10, 27, 'member'),
(44, 1, 28, 'member'),
(45, 2, 28, 'member'),
(46, 3, 28, 'member'),
(47, 4, 28, 'member'),
(48, 5, 28, 'member'),
(49, 7, 28, 'member'),
(50, 9, 28, 'member'),
(51, 10, 28, 'member'),
(52, 1, 30, 'ads'),
(54, 2, 31, 'ads'),
(55, 9, 31, 'ads'),
(56, 1, 32, 'unitadmin'),
(57, 2, 32, 'unitadmin'),
(58, 3, 32, 'unitadmin'),
(59, 4, 32, 'unitadmin'),
(60, 9, 32, 'unitadmin'),
(61, 1, 33, 'member'),
(62, 2, 33, 'member'),
(63, 3, 33, 'member'),
(64, 4, 33, 'member'),
(65, 5, 33, 'member'),
(66, 7, 33, 'member'),
(67, 9, 33, 'member'),
(68, 10, 33, 'member'),
(69, 1, 34, 'ads'),
(70, 2, 34, 'ads'),
(71, 9, 34, 'ads'),
(72, 1, 35, 'unitadmin'),
(73, 2, 35, 'unitadmin'),
(74, 3, 35, 'unitadmin'),
(75, 4, 35, 'unitadmin'),
(76, 9, 35, 'unitadmin'),
(77, 9, 39, 'cds'),
(78, 9, 40, 'cds'),
(79, 1, 41, 'unitadmin'),
(80, 2, 41, 'unitadmin'),
(81, 3, 41, 'unitadmin'),
(82, 4, 41, 'unitadmin'),
(83, 9, 41, 'unitadmin'),
(84, 1, 42, 'member'),
(85, 2, 42, 'member'),
(86, 3, 42, 'member'),
(87, 4, 42, 'member'),
(88, 5, 42, 'member'),
(89, 7, 42, 'member'),
(90, 9, 42, 'member'),
(91, 10, 42, 'member'),
(92, 11, 42, 'member'),
(93, 12, 42, 'member'),
(94, 13, 42, 'member'),
(95, 14, 42, 'member'),
(96, 12, 43, 'member'),
(97, 15, 43, 'member'),
(98, 1, 44, 'member'),
(99, 2, 44, 'member'),
(100, 3, 44, 'member'),
(101, 4, 44, 'member'),
(102, 7, 44, 'member'),
(103, 9, 44, 'member'),
(104, 10, 44, 'member'),
(105, 11, 44, 'member'),
(106, 12, 44, 'member'),
(107, 13, 44, 'member'),
(108, 14, 44, 'member'),
(109, 15, 44, 'member');

-- --------------------------------------------------------

--
-- Table structure for table `tbl_product`
--

CREATE TABLE IF NOT EXISTS `tbl_product` (
  `pid` int(4) NOT NULL AUTO_INCREMENT,
  `unitid` int(4) NOT NULL,
  `pname` varchar(50) NOT NULL,
  `descri` varchar(100) NOT NULL,
  `status` varchar(15) NOT NULL,
  `photo` longblob NOT NULL,
  PRIMARY KEY (`pid`)
) ENGINE=InnoDB  DEFAULT CHARSET=latin1 AUTO_INCREMENT=4 ;

--
-- Dumping data for table `tbl_product`
--

INSERT INTO `tbl_product` (`pid`, `unitid`, `pname`, `descri`, `status`, `photo`) VALUES
(1, 3, 'soap', 'hand made ', 'Verified', 0xffd8ffe000104a46494600010200006400640000ffec00114475636b7900010004000000460000ffee000e41646f62650064c000000001ffdb008400040303030303040303040604030406070504040507080606070606080a0809090909080a0a0c0c0c0c0c0a0c0c0d0d0c0c111111111114141414141414141414010405050807080f0a0a0f140e0e0e1414141414141414141414141414141414141414141414141414141414141414141414141414141414141414141414141414ffc0001108011c011c03011100021101031101ffc400cf000002020301010100000000000000000000070506030408020109010002020301010000000000000000000000050406020307010810000103030203050405070709040905000102030400050611122131074151612213713214088191a14215b15262722333168292a243243417c1e1c2d25363257618d1b24426f0f17383a3c335662854645565a51100010302030308070604050305010000010002031104311205214151617181a12232130691b1c1d1425214f0e1627223158292c233f1a2d24324537307b2e234251635ffda000c03010002110311003f00efea108a108a108a108a108a108a108a108a108a108a108a108a108a108a108a108a108a108a108a108a108a108a108a108a108a108a108a108a108a108a108a108a108a108a108a108a108a108a108a108a108a108a108a108a108d6842f8083cb8d085f68422842284228422842284235a108a108a108a108a108a108a108a10be6a3be842fb421142114211421142114211421142114211421142114211421142114211421142114212e32beabc7b7dd55896196f732acdb4f35be2102345d786f9720f91b03b473f653186c896f8921c8ce3bcf30de95cf7e03bc388788fe1b8739dcb462f4bef996bacdd7ab57855c5e6c8718c6ed4b7225a18f05ed21c7d5fa4a501d9a69599bc6c5d981b97f11daefbba16b6d8be521d70ecdf846c68f7f4a67438712df19a8505844688ca421961a48421291d800e02961249a94ddad005060b3d78bd45084508589f931e2b65e92ea19653cdc7141091ed27415e804ec0b173834549a2a95d3ab3d35b2a8b770ca2de87073436fa5f57d4d6f35319633bf0614ba4d52d6334748df4d7d4a097d7ee9b156d832e65c0ff00fb3b7cb741f61f4c56ff00dae7df41cee0a37ef76df0973b99aef725c7573aa768c8e26368b641bc45f82bdc496f2e4c17a2a5c69bddb90d9569bd675e08eda696164e8cbea5a6ac2310522d5b5364a23cad78a3da76b48af20e2791317fc78c391fdea05ee20ed53f6a92903dba24d2bfdb24dc5a7f88277fbdc2316c83f80adc8bd75e95c9210ac85b8ae1fb92d97e391edf51b03edac4e99703e1af310564dd76c8e2fa73823d615b6d7956337b09367bc429dbb884c790d38ae3e0951350df048cef348e84ca2bb865ee3daee6214c6b5a54a450845084508556caf00c73300872e4d38c5c5ad0c7b9c27551a5b4471052e239e9dca0454b82ea487bb8703b425b79a743743b608230703470e95557aedd45e9d106f6d2b32c3dbe0aba444045de3363b5e641dae848e6a471ed352c320b8eefe9bf81ee9e63b92a74d7b63df1e3c5f30fee379c60ee857ec7f24b26536c6aef619889b05d1c16d9e29576a5693c52a1da950d6974d0be276578a14f2d6ee2b98c4913839a7edb78295ad4a5a2842284228422842284228422842284228422842284228422842d3b9dd2dd668122e97594dc3b7c5417244979410da123b49359318e7b835a2a4ac1f2358d2e71a009506e99bf58d0a6f1a71ec47a74b250abe2d3b6eb736b5d098883a7a2d287f58ae27b3b4536c915a77bb7270f85bcfc4f224d9e6bcee5638f8fc4ee6e039531312c371dc22d48b3e3909316283bde5f15bcf3879b8eb8ad54b51ef27d9c296cd3be676679a94d20b78e16e560a053f5a54845085a573bb5b2cb0dcb8dde5b30603235724485a5a6d23c4a88159b18e79a3454ad724ac8db99c401ca975fe3322fb21513a718e5c32c29250ab8a1220db12af19320007e84d31fa0c82b33c3393177a0251fba78869031d272f75be92bebb8ef59f24da6ed9441c561ac6ab87638c654948eef8992471f14a2812dac7dd6179e2e3ec08305ecbdf9046383054ff31f72f51fa1184bae09392b971ca269e2b7ef339e78157786d05081ecdb5e1d4e6c19460fc2005eb746b726b26690fe2713f72b7daf06c2ec884a2d38fdbe1ede4a6a2b495ff3b6ea7eba86fb895fde713d29847690c7dd6347405b1916478fe1964937ec866356cb2c34ee7a439e548d7804a52012a528f04a520927956902a54824342e3eea9fcd05873755ae2e3b8fcf72058eeac5d3e36438d305e445d75486c6f29d77702a3af8530b5b816e5d9be3696fa523d4213759329a6478773d13c3a5bf33181f532e28b0143f60c99d2531edd7028287d49e6965e412952b87b876abb81a825846d4dd93071a6f4df976db74f4944e88cc941e6979b4383fa40d781c5b815b1cc6bb100aa8dd7a3fd33bc294e49c6e1b4f1e3eb434986e03de151ca38d4c65fdc33079f5fad2c9b48b397bd1b7a367aa8a1ffc28bcd93cd83e6d75b4a53c51067a937487ec087b4501fca35bfeb9affeec6d7728ec9ea50ff687c5fd899ece43db6fa0accbbf75631746b7cb045caa124719b6170c7963bcaa2bfaee3ffb35579e1db4bdd7161fc5b47a47b57a6e2fedfbf18987166c77f29c7a0a96c67aa387e5124dba34b541bda783968b936a89312aeed8e69b8fea935a66b29621988ab788da149b5d5edee1d901caff0095dd9775fb15d35a829c2284228425ddfba6ceb575732ac0268c7f275f9a5b3b4aadd3b4e3b643238027f3d235ede7c699457832f8728ceceb6f3155ebad24890cf6cef0a4dff2bff30f6adec53a809bb5c1dc6725866c399461b976d755b9b90803f7b15ce4e20e8780e22b09ed32373b0e661dfc390adb65aa78af30ccdf0e61f0ee772b4ef1d6aec0eb5013c4508450845084508450845084508450845084508450850994e5563c36ccfdf6ff00284682ce891c3738eb8af75b6d038ad6a3c12915ba185f33b2b46d51e7b8642cccf3409716dc3f22ea95c99c9fa9d1d503178eb0f58b082ad41ed4bf70d3df5f735c876f682c5f70cb76e484d5c717fb1bc9ca95b2da4b9778938a347759ed7713c89bedb6869096db484368012942400001c00007202942798287c8730c5313692f64f7a85686d6356ccd90db0563f442c82afa2b26b4bb00b073dadc4d14759fa9dd3bbfb4fbb66ca6d73111925c91e94b6496d091a95292540803beb2f09f5a50d561e3c74ae6140aab23a9b7dcc54bb7f486d62e480a2dbf94dc92b8f6864eba1f4f5016fa87720694c45a321db39a7e11dee9dc12937f24fb2d9b5fc6ed8de8dee59ad7d1a832e6b57cea35cdfccefc83bd099be4b6b0ae7a3311276683f4f5f6562fbf7019620236f26279cace3d2da5d9e6265772f74733704cc659663b48623b696996c04b6da004a52072000e0052c3b714e0000502c942f51421142170e7cea669327e616ac11a594daad11517190d0e01c992cad2951efd8da7cbfae6a446365540b976da2a5f45b32c7716b0dc63de2038a952e5079b75a69b795363b6dec546dab524e81479fb9e6e3caa8de64d36e2ea663a370a06d295232126b9fedb76267a6dcb22690ed86b5e71c3edb12cde298e644eb336db131999f1ac4d65c56e86a6565c434c11c15b094eabef4f97871376b78a42d0e71d81b4fcdf88fb07a556aeb508639fc2a51cf351c953b02fd33e9665aee75d3bc6f2c90909977384db92c01a27e211ab6ee83b06f4ab4ad6e1429f31d99a0ab8578b3450846942157f27c2b17cc2308d90db5a9853fba9046c90d9ec2dba8d169d3c0d4886e2484d5868a0ddd84174da4ad0ef58e638aa6271fea4602a0e62f3ce5d8d20f9ac7757022e2d363b23cae015a0e4972a778d04ff00dc1e1bbe66e1d2df724bf4b7b65b61778d1fc8fef0fcaff7ab362dd43c732a7dcb730e3906ff001ffbdd92e0831e6b440e2362bde03bd048a8b3d9c910cc76b4fc43684cacf5582e5c582ad9062c76c70f7f42b6d434d9142156b31c26cd9a41447b8254c4e8c7d4b75d239d92e2bc3885b6b1c798e29e46a4dbdcbe1755b81c46e2966a1a74578ccafd84775c3bcd3c4155dc6f2dbde3f72630dea31426e2f12dd972040db16e494f24abb1b7c76a4fbdd9e32e6b7648d324387c4ddedf784b2d2fa5b778b7bcef1ee49b9fcfc1dc9bfd6c7a56acc8a108a108a108a108a108a108a108a108a10a1b28c9ecf87d925e417d9018b7c44eaa206ab5acf04b6da79a96a3c12915ba185f2bc35b895a279d90b0bde7604bbc4713bd6757b8fd4aea3472c7a07d4c5315738b76f68f14c87d2782a4a868788f27b7409613cec8586184fe677cdffb7d6965bdbbe6789a61f95bf2f29fc5ea4dda529d2a6750f218d688d65b419aec3b8e4575896c86632821e214e071edaae3b40690ad55a768efaf40a82782c4b802071552c8be5f7a4d789d2b20ca18933ae2a49765ce9931d75dd8da753a927509481c87015efd416eccd45ae48d942f70d837ae3bead74f62c6ce25b5d38b6adfc51b6d9f8290cab702b2805cf32ca55aeea976fa845976bf6aae4f756cf751841145d51f2e3d4abdde6c0d6219d45f82c82dbb58b6482843699d142491e56bca1c6c2485f2dc343cf5a8934d0b9fd875494c6cefe27d23cc336e09f958a708a10b5a6dc605b59326e3299891c737a4389691fce5902b26b1ce3402ab5be46b055c401caa853bad785b6eaa2d8be37269893b0b36388ecc4eeee2e801bfa954c1ba74b4abe8c1f88d3ab14a1facc15a479a43f81a4f5e0b5066dd58bc0d6c18026dec1f75fbece6d857b4b2d052c567f4f6ccef495fcadf695afeb2fa4ee421a3f1bbd8172dfccf60b9e35915afa8199c486e46ba2116e949b1979496971b72db4ad4fa7829c4a9412ae5e5efe7a64f0cec86b87c5c7a17b5963697dc968fcb5a53a523d315735d4cc989f4cb6b4b6dc3091e936d248094241ec00fd2789e26b6416e18396bb7979556b51d5c9718e3a105bb1c0e18e0a41bb7c89c576cb64653f365a92c458aca7cee3ce809425207692454a76c69486d5ee7dc425c4935fea5dcf82d8fad3d36c42cd8ac4b458af302d71d2d252d4b7a3c92a24ad7aa9c4ec27728f11c2a28168e1b4b9a79810ba0b9da9464e56c6f6eeda41a7a9584755aed6c50465d845ead435daa9511b4dce303dfbd83ae9fc9af7e858efedc8d3cfd93d6b0fdde58ff00bd03dbcaded8ea565b0f5130ac93c969bd46724ebb5511d5fc3c94a8f6165ddabd7e8a8d2da4d1779a69e91e94c2df54b59f631e2bc0ec3e83b55a35a8899a28422842abe5f80e3d99b4855c5a531748fc60dde2abd19b1d6388287071d01fba75152edeee484f64ec3883814aefb4c86ec76c51c3bae1b1cde62aab0b32c8f0496dd93a94048b42c86edf98c7410c2f53a2533123f74bfd2f74fd66a5bade3b819a1d877b3fd3c52866a13d8b84779b59f0ca30fe3f94f2e1eb4ce69e6a4348798712eb2e242db7104292a4a86a08238106949041a15696b838541a82b250b250d9363168cb6d0f596f4c07a23bc52a1c1c69c1eeb8dabeead3d87fc95be19df0b839a76a85796715dc46390541eae51caa9d89e4379c62f0d74ff3778befb80ff0ee40a1a227b29e4d384f27d23b09f37d4553a78592b3c6887e66fcbcbcc91d8ddcb6d28b4b93527fb727ce381fc63afd6caa54ad28a108a108a108a108a108a108a10b5e6cc8b6e88fcf9cf263c38c853d21f70ed421b40d54a51ee0057ad6971006d2562e7068249a009478ac49bd5cc958ea2df1a5b383da5c57f05da1e4e9f12ea7ca6e2f24ff00f047673f15379dc2d98616f7cf7cff0048f6a4b6ed3772099fdc6f707f51f62725274f1142173c75b27b0ef5b3a3d6e6e5216f479d25d7e2255ab8dfaa58085a80e5b8255b7d952d8c7782e75366cdaa13e4699dad076804d137322b54f9502e8d30c97dd7d97fd1d08d49536a013c4f3ecaaacb692990902b535aa6d3c81d6ee68c4b48a72d17265c328b5605908b6e4aeaa1dda2a07af01d0a0e84bc9d53e64a5406a0f61d7e9a910da4fde0c34e85cd2d6da7b77f6d87a95a3a237eb4e47d44828b248f8a722a5f97290da1c09698282dee515a53c372d29f69ace3b5959207385074295636d31bb0f2da0fb974f6479458312b6b976c8a7b5020a3fac755a152bf35091aa94a3dc904d3a8617caecac152adf71731c0ccf23b284bd4e5fd4bcfbcb81da138de3ee7bb91df907d77107ef4786389d7b0b9c0d30f02de0fee3b3bbe56e1d2ef724ff537775fd96f84cf9df8f437deb7eddd13c64c94dcf31932f31bd0e264de5d2e30957fbb8c9d1b4a7b810aad6fd464a658e91b7f0fbf15b63d1e1ae696b2bb8bf6fa0609891224480c222c161b8d15b1a36c3284b6da47704a40029738926a53a6b434500a059ebc592a8f5230c919fe2d27166ee7f85469aa47c63c23a64a96d20efd890a52769dc12777878d6c8df94d540beb5373118f365071d955cb7d42f96c818431667dbc89e9bf8bdd23db9415150dfa61ed7ce3470eba6de54e6d1de3976ecad2ef42a1ea5a38b41190fcd9dc198601d5e54c1b1fca7358f5ea0dfadb983c9b85be4352e329701b5a438ca814ea92f711c297baeaa2842770f973c27b5ed936b4ececf4f15d2035d38f135095c17da10abb91e098865882320b3c698ef24c85236484feaba8dab1f42aa443732c5dc710a05d69f6f72292b03bd7e9c5540e0d9c61bfb6e9f640a9d6e47138ee40a321ad07dd6640d168f0078779a9df550cdfde650fccdd9e918149ce9b756bb6d64ab7e49368e876214858baa705fb8a31fcbe0bd8ae4abe0dc59e47c33e470d63c91a21609e5cbe9ad52d890dcf19f11bc988e70b75b6b2c2f115c34c32707774fe576053001d6972b0afb42160971234f8cec39aca24447d25b7987521685a15c08524f020d7ad7106a31583d8d7b4b5c2a0ee4bbb2d96ef80df956db2cb6e6606fa56e26d7216bf89b73c788430ad15b9b513eea8f0fcaddee172ccce147f1dcee7e555982de4b09f246e0e80edca7161fc3c8781ff001b15d737b6d86db2ef37ad22daa1365e9520ab82109f681c49e03c6a1bedb28ad53a65d6634a2aad93ae367b9dcadb12e760bcd82db7c7531ec578ba450cc496f39a96d1aa56a536a5a405203891afd15108214e041c15db2cc5adf98591fb2dc35425cd1c8f25be0ec77d0756dd6cf62927ece15bede7742f0e6ff8f22817f631de42627efc0ef69dc4732af60394dc9c932708cbd413985a120fadc913e1f24496f5e7af258ec3f4812aee06d04b1f71dfe53c3dc966957d2171b5b8fef47bfe76ee78f6f2abf52d5634508450845084508450845084a0ca947aad9aff008790de50c371d5372b3279b242654827562de149ece1bdee3e1ce9bc3ff1a2f14f7dfdce41bddee48e7ff9737823b8cdafe53b9bed29b6cb2d4665b8f1db4b4c3494b6d34da425084206894a52380000d00a504d76a7600028164a17aa87d46cf646348878fe371c5cf3cbe12d596da0f953f9d21ffcd69be2493cf4f6d4fb5b61255ef3463713ec1ca52bbebc315238c6691fdd1ed3c8157c749d365c799b9b715192f519bb844bccbbac97034f4898cba92e250eaff76d06cad08472d3b35ac2e6e9d29a0ecb460380f7ad96964d8054f69e76b9dbc9f7700abd9a7cc74cc0242e065d894ab64de1e8a94a71d8ae248f79b92864b6ad3f341d7beb436173c7654a7ced61ed25049cdacbd436576ac419977ac8a43cc3a98f1a0bee6a52fa1c505bdb121b40d352bde9d00e1a5722b2f2b6a70de19246f60e7db9dbf1022b96a474529b55b6e758b39610d61abbb3f09dc46ff6a685aae9915bb27958f6131635cb2f6da2cc9515ee83012e11ab925d6bcbaa34e0dea544f6538f2a7956f6c2e85c5e0c9096b877eae761401bed3b129d6f5e82e63305a76e50457b3d96f293ec1b532319e954185351916653179665fef7e213c6e8f189e3b62473aa1a483c8e9bbd95d426bd738648c646701bf9cef556b6d31ac778929f164f99dbbf28c026252f4e114217952d28495288094f12a3c001e2685e13454fbdf557a798fa94d5cf208a1f4f36185192e6bddb590b20fb6a745613c9dd61f57ad29b8d62ce0d8f91b5e4dbeaaaa5cef998e9f472530d8b8cd23916d84b693f4bab49fb2983743b838d074a49279b6cdb8073ba3de52d7a8fd6eb366cc5918856a971bf0aba47b9b8a794d79d0c6baa00493a13af6d35b3d29f0e6ab8769a47a556b54f324574230d638647876da6e57c8df34389b8a02559ae2ca7b549f41cd3ff00889a5eed0a51839bd69db7ce56df131e3d07daac96cf980e995c484b97176028f64c8ee207d2a405a47d7511fa45cb7e1af314ca1f34d849b0bcb7f303f7abedab21b15f19f88b3dca34f640dc5519e439a0f109248fa696490bd868e69055820bb866158de1c390d557729cea25858448754e043eea63428f19a548992e42c12969869209528804f8004a8800d49113236d5ea34972e71a3157e0f539f6ee91ed77cb75c2c52662d0dc33734c75b0ebaeeef4da2e4579e4b6e2f6ab621d292ad344ea78560c92090e51b0af0ba68c073ab43e85779702c598db576ebe40666c73fbd8cfa42c02469b907983dca4e8457873dbbaad34e55b1cc86ee3cb23438702a8ef5a733e98a8cdc75e9193610df1936292b2edc623439aa23aae2e2523fab571fcb5384915d6c7d18ff98774fe6f7a44eb7bad37b5093343be33b5ed1f80effcaafb8d65164cb6d8dddac5293262af82c0f2b8dac7343883c52a1dc696cd03e176578a1560b3bd86ee3f122754758e4237152335f31a2baf0f7909f2fb4f01f6d611b733805264765692b9efa8bd4cc8a1e48cf4ff00a7d0e3cfcc64467275c27cf7508816d89b55fda1f5851d148504a8a1c471491a73a75400722afb9c49a0c52cb37cbb3f9b8fb565cba5d82ed8f6452db45932ab0be936d62e519d43c989314ea804b652850d7de513ef6808ad72c799a69885b209723c176054d2709c8334ca27a5bb2deed123259d02464abbd29a36c82ddbdf4bda405217b9e52d48dad1f2ec6c9efa5ce61353429a46f0da0a8a7db15d7c06800eeed3cea3a98a9bd40c49fbf4262ef63508b9859546559a627815293c551d64736dd1e520f6fd353ad2e046e2d76d63b611ede70916af60eb860922eccd1ed61fe93c8e525866570f31b0c7bcc54969d512d4d88bfde4794df071a503c7549e5de3435aae6dcc2f2d3d078852f4dbf65e40246ec38387cae188561a8c9922842284228422842a2f54f32998a58598b626c48cc2fcfa6d98f453c774a7b817083f71a077a8f2e5ad4eb2b712bc97771bb5dcdf7a5b7f72e898033bef395bcfc7a148e0185c3c171c62cd1d6644c59549ba4f5ea5c9539ee2f3ca278f13eef727415aae6e0cef2e3d0380e0b75a5b36de30c1b789e2779569a8ca62ad6739840c231d937b980baf0d18b7c2471764cc77cad3281cc952bece3522da0333f28e93c07150ef2e9b6f1979da700389dc14174e3079d69549cc32f5a667506fa94aae4ff36e233cd10d8ec4a1b1a0569ef287b2b7dddc87d191ec8db872f29e52a358da3a3ac926d95f89e1f847204c2a809aac4f34c3cd29a90da5c68fbc8700524fb41e1420a514abb5c7a8974958974dde459b0d82b2ce4794446d2853ae7de8b048001569efbbf77b3b37376c6db6687ca333cf75bc395dee55d7ccfbd798e039636ec73c6ffc2cf694c3c6f18c6f05b2fe1d658eddbed8c02ebeead5e65a80d56ebceaceaa5769528fd94ba699f33b33cd4a716f6d1dbb3230500fb6d545bb7ccb7452cf31505fca5a90f215b1c5426244b6924703fb465b520ff2546bd16f21dcbd3731834aab4da3aa9d3abfd99fc82d392c093698bfde9f0f0429ad79071b5ed5a49ec053a9eca1b0485d9434d50fba898c2f7380684a0ccfe675285390b05801dd354fe293c1083e2db20827c0ac8fd5ab1db6864ed94f40f7aa35ff009b00ecdbb6bf89dec1ef492c933eccb2e714abfde244969475f854abd28c9f634ded4fd62ac3059c30f71a07ad522ef53b9b93fa8f2470c07a02ae2520701c2a5d52a257b03ba85812bd0142c095f685812bd04d0b1aabd748a3b2bcee13cf8514446644a086f5dcb532d129000e7c4f2a5ba93f2c04ab0f9722f12fd839fd49af96dcef18de4f8f65d7cf41bb4438d362ee6d3b909912d71dcf4d65ce0d38e32dbacb6e6ed16e009f2fa9a573cbdf172663bb8705dcacc5b19c36a68e1941760d76e3cc7970077ac59fcd8d0b1498cdd760c8f3489a418c0ee784f43ed2a20484ea4262a161657d85b51e6695c350ecc79d33bea48c3147b729cad1c78bbd23313b8267d82e922e17465b80871a692489ef48694d2814f12c842b4f39d3cc792477934fa597c46ec1b0635f524f0c021776c8248d994d7f8abc386f2af95114b4bdc97029916e2f661d3e7916bcad43597155c20dc5238943edf20b3d8e0e3af3efa650dd82df0e6ed33adbcdee55cbcd2dcd79b8b43925de3e17f23871e55258ce5d0b38b3ca434daa1dee192c5d2d2f795f8d251cd2a079a491e5576fb6b096036f2038b4e0788522cefd97d1380195edd8e61c5a7ddc0ae6ceacd9178d66f7fc92fd0a6cae9e66d65163bfdc2d882f4cb62d95b610f14a5b4a420aca121254a52fcdfab53c6da5310a23b6135c0aa662d8e5a2f568b6f4b3a5d2ae17cb6397c8f9164d964c88edba344110290d34d2468e254a53250569f75439f77ae26b538d160c68c06155d77f89db2d73adc9b94a4c74cb9288b154e93aadf502509d7bd5b799ad6f638b0e515a05b84f1c4f66739733a839f7057ba48ac68a1095b7f49e9b664d65d186cc4b247911324687b91e62b8332c0ec0a276b9f5f334de1ff930f867becdade51bc7b9542ec7edb762e1bfd998e593f0bbe17fb1c9a20ea351ca942b7afb42114211421068425361696ba859fdd7a92efed2cb6253b60c5507529529b3fdae58ecd56a3e9a08fba0d36b9ac10b61deeed3bd83a124b5a5c4ee9fe16f619fd4ee9c136694a76bc2d686d0a71c504368054a528e8001c4924f650bc2689438b34aeabe627a833d24e198ebcec5c3e2287924c941daf5c140f3d08dad7b35e629c4e7e962f0477ddb5fec6fbd20b61f59378eefedb364638f17fb938693ab0228425365374bbf5232099d39c5a42e0e3b034465f90b07f680af8fc0c73cbd450fde2bee8fa8b6858db76095e2ae3dc6ff0051f62af5c48fbc90c119a31bfdc77f40f6f04c8b1d8ed78ddaa2d92cb19112d90d01b6186c70007324f3249e2547893c4d2c924748e2e71a929e430b22606305005c77f35dd539b7bcb11d25b74d4dbb1e82a60dfa592adaec97c25612eec0496994a92a29038a8f1f7454b8da6388c81a5e403468c4f20aef2a14efcef11d728de573f3f67c72cb16dcabcc997265dc19f8bd2dbe886988ca71486d47d504ad6a082bd9e4d011c75a9cd7b9e2a0539d417358dc4d799669b6c8b8a3b73600932ee8d0872acf748e12986a83240585be820a87a89524246bc15a8a8e279db711b98e6b59daccd3de246e6eee7e45e4f6b0cb0bd9234b8eca1180e53cbc3955a60c944e88ccb6f821e48569dc7911f41abf46f0f6870deb8edcc26195d19f84ada02b62864afa050b1257b03eba16b257df650b1257a09fae85812bd6942c2aa6716bebd8c64102f8c23d454473738d6ba6f6960a569d7c524d689e21230b78a9763786d676ca36e53d5bd740e55d5fe98d86c90266417261eb7dfb465884a6c4852d0a3b565f6743b5b41e0e158d078d526e5de0d5ae1dae0bb6d9c8cba609233561dfc3ef1c16974dfa7f89e3d70b95c6d3084872e727f1266539b1e4c60a2a534d45200086521676253edeed10585c3ae25399828dea3cbcaac5776ccb58818de6afd87f134fb14d5d7ac58f62193c6b5be854d692148b9c98ea0af852ad368091ef91c77a41e03c7855b7f6e9278891b3872aa0cfe63b7b2b96c64661f111f0fbf95386d973817882c5cad72112e048485b121a3b90a4ff009bb476556dec731c5ae14215ee19d93303e321cd3810b72b05b950b34c367393dbcdb0e5a62e67051b54d9e0c5c63a79c77c70e240d10becfa88636d72d0df0a4dac3fe53c42af6a5a73cbc5cdbf6666fa1e3e577b0fd86d63971b66756745e61a550e66e2cdc603a355c796d1d16db893a10a49eded1a1af65cd6eec8eed0dc788e45b2ce68efa2f11bd9760e6fcae1882a458c68b43d34adb699d4ab6b48da35512a2741a0d493a9ac7eac6e0a50b33bcaf39061768c8b1f978fcd07d392014c91fbd69e47143a83d852788fabb6b5c776f6481e376ef62f2ef4d8ae20742ec1dbf783b8f4289e9d64b719cdcec53253a65b8ead31e6abff00d4b047ec65275e61c4fbde3edadb7b035a448cee3f0e43bc74285a3dec8f0e826fef43b1df887c2fe957aa5cac2a3afb65839159e6d92e48f5214e694cbc3b4050e0a1dc527883de2b64523a3787b710a35d5b32e22744f1d970a2aaf4c6f325eb6cbc4eeebdd7fc51efc325a8ea0bcc247f677f43c747103eb1536fa301c246f764da3da3a0a4fa25cb9d1ba090fea40721e51f0bba42bdd2e561450845084bdeb0e4736cd8a8b4590ffe68c99f4592ca91cc3d2fcab73c0368dcad7b0e94c2c220e9333bbac198f46ee94ab5399cc8b233bf21cade9dfd015a312c6e0e218d5b31ab70fecb6d610c0569a15ac715acf8ad44a8f89a8b34a657979c4953ade16c31b58dc1a14d5695bd2d3ab57297726adbd33b23e58bee5cb532f3e83a18d6b67cf2de3ed402da476934cec5a1b599c3b31f5bb77bd25d49e5f96dd868e971e468ef1f6057db3da60586d70ecd6b6447b7416511e3329e496db1b47b4f79eda5ef797b8b9d894da38db1b435a2800a2deac16c4bdea5e5b73802161788e8bce323dcd4057dc87193fbd96ee9ae8940d76f7abd94c6ce069ac9277198f29dc126d46e9eda4317f764c3f08dee3cdbb955870bc46dd8463d171fb715388675724ca738bb224b8773af2cfe72d5c7c070eca8b713ba6797bb7a9d696acb68846dddd67793ceac35a14b5f9bdd7e72f58c756fa816d0e252c5f9c69e7f54a1c2b8aea1b7db014a04a4850d3cba1e14c05ac7308e470ed44496e38e1d2943e67c6f7b5a763e80fafa14ee01d39b5e4f69321d2d470ca1a404a5943ab538b6c2b72f77671fa6b8eeb1e61b8b490005cecd53de2062bbd7d159c51b008587b23168f725c750195459cc472e6f53295c452d0a3b14dc6500848fd14fdd1d95d17cb770e9e3739d53dd22b88a82b9ff009dada189d0ba2606666bab414ad294ad38554d636c2d9b2444b83459495e87b02d4543ec35d62d1a5b13415f316b1207ddbc8c2b4f40571c6b10c9b2f95f098e5b5e9eb4901d75002586f5ff0068eab4427e93ad7b3ddc500abdd4f5ad167a75c5d9a44c2ee5dde94e4c7be57eecf80f6517a6a1a79fc35bd05f73e971d09483ec42a904daf0ff006dbe9573b5f2638ed9e4a7237de7dc98d6bf978e99dbc0f898726e4b1cd52e4b9a13faac9693f65299357b976fa73056487cad611e2c2efcc4fb28aadd5be9d6178fc2c64d92cb1a1aa65f61c492a4051538c3bbb7214544920e9c6a6e9f7933cbf3389a3094a75dd2ed6110f871b5b9a5683ca0d762bfcae89f4be5a4a558f32d13c94c38f3247b3638052c6ea572df8cab049e5ed3de36c43a2a3d4a9f79f966c525254ab25ce65b5ee3b52e94cb67ea504aff00a753e2d7266f78077524773e4cb478fd373987d23edd295992f4173dc79b724c561abd4346a4ae0125e091da59580afa11ba9dc1ac4126c3d93cb87a552efbca37b002e65246fe1c7d1eeaa4465f8222ff0031b9285985716941999ea24ea5a49e20a4e842d3d9f6d637fa636e887b4d0ef3c47bd7ba1f98dfa635d0c8d2e6ed206043bdc77f04c1b4e4f91d931a87895b6eb218b2416bd169b42825c282493bdc480b3cff003b403872a990e9d045dd6fa7d6945df986f6e2b99f407737601c9c69d2a2fed34c5574957de99f532e7d3fb98492b938ec958f8f81aeba6bc0bad02740b1f52b91ec215dfd836e5bc1c303ec2acda16bd269d250f6a23de6fb472fad760d9af16ebfdb235ded2fa64c09480e32ea7b4768239820f020f23541923746e2d70a10bbd5b5cc77118923399aec0adfad6a4257e5d12560190aba9168429cb1cbd8d65f6e6c6a4b6084a26369fcf6f5f3f78fa4d37b770b88fc07778770ff004f4aa8ea11bb4f9feb63dac76c99bc9b9e3946fe4e94c9892a3ce8cccd88e25e8b2109758750754adb58dc9503dc41a52e696920e215ae37b5ed0e69a822a167af16696fd4688ac72e56cea7c1412e598fc2df5a6fde916a7d412ae1daa6944389ff003534b27788d7407e2dade470f7e0aadac47f4d232f998c7d97fe28cffa4ed09871a4312e3b52a32c3b19f425d65d49d52a42c052543c083ad2c2083438ab331e1ed0e69a82b2d78b34b1ccc7f06e7364cf9bf25aae45362c8b4e412e9d633eafd45f9547bb8536b6fd685d0ef6f69bed0aa9a8ff00c3bc8ee8771ffa7274f75dd0761e44cea52ad68a108a1094f141cd3adb2a61fda597008622b1da8377b8a7570f1ed6da1b4f71a6cefd1b4037ca6bfc230eb48d9faf7a5df0c2283f33b1ea4d8a529e2f2b5a5b429c5909424152944e8001c492685e1344aae9736bcbf25c8baad2d24c79ce1b4630143ddb5c35e8a713affb67413f4536bd3e131b00ddb5df98fb8243a68f1e47dc9f8bb2cfc83de535e94a7eb52e5718768b7c9ba5c5e4b1021b4b7e43cbe094b6d8dca27e81593185ee0d6e256b9646c6d2f71a002a52f3a576795737ee5d51bf365379ca0836d65cf7a25990758cd01d85634717dfc298dec81b485bdd663caede526d2e173f35cbfbd2e1f859f08f694cea589eaa0755fa8f13a798f2a5236bb7e99b9ab4c4571d5c038b8a1f98deba9ef3a0eda65a7d91b9929f08c7edca916b1aa36c61afc6eee8f6f305c1d964093963ef5ca7482ede9e5a9d765bc492e29c3aa82cfb797755d27b36bd8037665c3dcb97d8eaef82573a4ab83cd5dc6bc42b174ef17ce6f169c8151d25a72d76ff00ec8e34f8610e3a35084bba1d560849f77877f1ae2be62d361b49a20e6d5a5d57d6868cde5be9e75f46e87e70b8bf81d94b1d91a036adf8b766e81cca942c776bccc69cbe84371d83b5b8ec8f3b854470d01246ee1e3e15d2b4bd0d96ed27680769a9dbb3d4b957997cef2df90d1473dbb1b9451a2bd64aea5e99fcbbc9b8219bce7a95c385c14c58d0763ee27b3d75278a07e827cdde472add7dacd3b10ff37b928d23caa5d492ebf93fd5ee5d256cb5dbacd099b6da62b50a0309dacc76101b6d23c00aaabdee71ab8d4ae911c4c8da1ac01a06e0b72b15b114212abae5fdcb11ff0098e07e55539d2f193f239547cc9dd83fef33da9ab4995b9142114215173be9562f9db6b7a633f077adba35758c901e1a720e0e4e27c15c7b88a61697f2db9ec9a8e07055fd5742b6bf1db147ee70c7efe95cab9b74ff0021c0a788979642e2ba4887706b531df09ee3f75407342b8fb471abbda5ec772dab71de1713d5b469f4e7d241569c1c303ee3c8aaf53d215f40a17954cfe8ef52dcc26ec2d97474ff000bdc160480ae2233c780793dc3b1c1ddc7b2926a961e3b3337bedebe4f72ba79635e3632f8721fd279fe53c7dff72eba42d2b4a568214850052a075041e20835445dd81aaf121866530ec690da5d8ef214dbad2c6a95216345248ed041af4120d42f1ed0e05a45414bbe9fad788deee5d339aea94c47d6e38cb8e1d4b96d794773409e6a657a8f678534bcfd6609c6fd8efcdc7a55634926d267d938ec1db8f958777f094c9a54ad2b5e6438d7088fc198d8762496d6cbed2b929b7014a81f6835935c5a411885ae48db234b1c2a1c28798a5ff4aa5c9b53776e9e5cdc2b9f8bbfe9c35afde7ad8feab8ebf1d01da7bb80a657ed0ecb3370906dfcdbd56f427ba20fb479ed4068395876b4fb132295ab4282cc71d672bc62e98fbda693a3adb6947ee3c3ccdabf92b093522da6314ad78dc52fd46d05d5bbe23f10ebddd6a33a617f7f22c2edd267022eb102adf7342bde12a1abd25eef13b42be9add7d088e62060768e63b546d1ae8dc5a31ceef8ecbbf33761f7ab85414e56b4f98c5ba0c9b84a56d8d11a5bef2bb90d24a947ea15935a5c401bd60f78634b8e005550ba2911d56149c925ff00f51caa5c9bf4b569c7fb6387d24ebdc96928153f5170f1b20c18034747de95e92d3e0079c6425e7f8bee4c6a5c9ba5df5a2f52edb84bf6ab513f8e648fb362b681ef7ab395b14afa11ba98e9d1874b99ddd60cc7a3ef49b5795cd83237bd210c1fc5f72b8e3b64878dd8add60809db0edb1db8ad6834d436909dc7c49e27c6a1492191e5c7125338226c51b58dc1a28a4eb5adc957d555bb955e71ee95c4590d5e5dfc432052090516984a0a52491cbd5580814dacbf498e9cfc3b1bf98fb82af6a87ea258ed460eed3ff237de5341a69b61a6d96501b65b48436848d1294a468001d800a524ab0014d817c9121988c3b2a4ac351d9429c75d51d1294206aa513dc00af4024d062bc73834127600b857a999bc8cff002c957951526dad131ed4c1fb91504ed3a7e72cf9d5edd3b2ba358da8b788377efe75c3b57d44dedc17fc236379befc554027bf954f49095bb12e536021c445754d21d4ec7128253bd24f256dd376bdc6975de9f6f725ae95a1c586a2a01a1e22b8742996ba84f6c1cd89c5b9c50d0915e434c574ef453a368b2b6c66596b017903c03b6f82e8d443428705a81feb88fe67eb6b559d4b51f13f4a33d81d7f72e99e5fd044004f30ac8701f2ff00eef527a5205764508450845084aaeb8ff72c47fe6381f9574e74bc64fc8e551f32776dff00ef33da9ab4995b9142114211421465fac36ac9ad722cd7a8e9950240d1685730472524f34a93cc2872adb14ae89c1cd342145bab58ae6331ca3335cb8e7a8dd3db8f4faf461be4c8b549dcbb6cfd340e20734ab4e01c4ebe61f48e75d02c6f9b72cae0e188fb6e5c035dd164d366ca76b1ddd77b0f2854ea62ab6bee9afb2a05edf436911925341d679004ef46d12ef56b8105b37338ed3c1a3e671dc3ec137b15eb9e6766b143b2c4b4b7764404fa4996e87d6e1681f220fa7c3ca3ca0f75722bbd60cf2b9f147469e9f52facb4bf2b36c6d590dd5c073da295d8de61da3534c2bb133305ebd597259ad59aff0014d92eef2836ca94bdf15c70f24ee21250a3d816343df45bea2d90e570ca56cbdd0a485b9e339dbd7f7f429beac5ba547b6c1ce6d282abd626f89c909e6ec2568992d1d3b0a3cdf455a74f782e313bbb20a74ee2b9aebd0b9b1b6ea3efc07373b7e31e8579b6dc22ddadf16e70961c8731a4486163b5b7521493f51a5ef61638b4e21582195b2b1af69a870a8e95b7582dc9679b8fe18cf315cd9bf2449cb38ede55c816e51df1d4afd57073a6d6bfab03e2de3b63a31ea556d487d35ec3723077e93ff8bbbe829994a55a514212e7135a6c7d49cbb17076c6b9258c8a0b7c8053e3d193a7b5c4a4fd34cee3b76f1c9c2ac3d1b4752add89f06fa78373e928e9d8eeb098d4b15912dfae9707e274e2e36f86489f7c763d9a2ede65739d4b647f337533d35a0ce1c706d5de849b587916c5a31790d1fc455f2d36e62d16b856a8a348d0586a33207e6328081f60a5cf71738b8e25368d818d0d18014557cb33455a5f55b6da94b934005e797c50debc4003b55a71f0ae7fe61f331b37f8300064de4e0df79f52b2e9ba4f8edf124d8ddc38fdc9773ee93aeb708172b83df133ad6e9916e5ad292197549d8549481a6ba1d388aa0b7cd3a9b49a4c466c47669e8a2b03f44b27e52e8c12dc0edd9d6af787f50a35ee69b34d7d85dc93aed530b49d48fbab4024a55f96affa0f98e4b8708ae5b95ceeeba946bb939f9b155dd434d6460be27540c46f0af9af0d6afaabe95bd2b4ff001264197751def3a2e534da6cea3d96eb69d9aa7c1c73527c4536befd36321f9454fe672aee93fad24b727e37656fe56eceb29a74a558924fe64730559b16631886e6d9d7e590fed3a14c36482bfe7a8a53ecd6ac1a2db7892979c19eb54af35dff00836e2169db263f9463e9c3d2b9380d2aecb9212bd6942c094ecf97be9d0c82f2acc2e8d6eb459dd0212143caf4e035d7c52d0215fac4771aadeb37b91be1371763cdf7abdf9534af1a4fa978ecb0f6795dc7a3d6babea9abac2284228428f99768f1096c7ed1e1f713d9ed3d95be381cfe651a5b86b36625443d7a9aeebb141a4f7246a7eb3539b6cc18ed501d74f386c5173d96aea194dcdb4cc4c7752fb01f487036f23dd5a75d7450ec22a431a19ddd955125025a67ed50d45771e2b79bb94f6cea1f51f0579bf2d6a3030ee5204f20dea4235fb884cb6f87e7a3fca2a33ed3e52a532efe60a65a75b7901c6941683c88a824106854f6b81150b2578b2450855ccdf11839b63b2ac53bcaa706f8b2399664235d8b1ec3c143b4122a55adcba0903c7d8257aa69d1df5bba17efc0f03b8ae23ba5b26d9ae52ad3716fd29f09d53121b3d8b41d0e87b41e60f68ae911c8d91a1cdc0af9c2eaddf6f2ba378a39a68566b3426e6cf089085b915842e44869bf7d68686bb53cbde2427c35ae43e62b8371a83986b92214a7454fa4ec5f56f90ac5ba7682c999412dd1ae63ca4b5bd0d00ba9c55b664b2882c473f0c95486fe25b0ebceb45873d4296cb696dd0004a11a01d9a9a50f7d1a06cdbb713b386fe0ac90c20cae776bb2729a35a730a6dcd56ef71dbcc163bf478774b738e2f572ee1b3350eb637349683616e20acad44a5477948fba7973ac676b64657e2ef746f5b74e924b79801b22ae4a1c49a900d2805476413bc62ba43a457c772ce9ddbdeba1f887db4bb6f96a73cdea86496c1577ee469bbbe9c584a5f1076f1ec48b59b56c572f601d976da73ee5add2475cb5337ec0e4a8a9ec5e7ada89b8f98dbe5eaf473f5150ab16a03396ca3fdc1d6361541d01c626c96aec607507e476d6ab4e659640c32c2fdee782e6c21b8d1924256f3ebf75b493dfcc9ec009a5d1c79cf26279026fa85f36d22ce4662486b5bbdce3b001ceb91ba97d56ea15d2e0bb55e6d97236f506e4350edb14aa2a46bbd1e71aa94a4900ea55c0f756ed3f59d2dedcf14ad388a97069e5d8e2152357d0fcc370e2c9888c6391bda1c9da68353d2b0631d71eaa357116f812dd6141a71d5b19334b73706db5b8020121c1a84100eed09e1e34af53d5212f0cb7c8ed952e06a39bb2bacf903c997525bc975a94f23981c18d8db8eda0cce2f15a0a8d83979975674af391d44c26df932d944698e97189d1db25484498eb2daf6eba9da74dc9d78e86bdb69bc58c3e94aadface9e2c2f24b70ecd90e3ce0115e5a150f9dff00c17a8781e4e9f2b72643f6098ae40a66a37320fb1c4eb4fad7b704ace00387463d4a83a8fe8dedbcdb89319fe21d9eb4ccd6952b3256f5287e2b9ef4db1a07569572917890df66db63056827f94aa6b6872c12bf9037f98a437fdbb9823fc45dfca36267ad5b50a569ae809d3d94a1c68094fc0aa5138a8ec61f92671322a6e52acd0a7cf36d6ca83929d8edae4a43bc491b8a76a76e9c3beb97797b4c87510e9e7a38e6351bdc49cd57fb294d98ab66a57525a911c7502828786ca51bed5c5dd0eeacf53fab5d537315ea05ebd6c5a4a448998edbda8d163b8d29682961a723a03a8468a1bb6bbb949d4289d4d74b874eb5636a22676694ecb7672e0aa335ccae7019dddaad769dbc8bb6f26e91e0ecdb4fe036b878f5d61b6a76d177b6b0dc4970a4349250ea5c6d20a92081bd2bd52a1c15ad44b97bd8f04bb3b49eebb6fdb90e21651c4c734e51948de362dd7b3894ff0043d19e4d47a37199606e6a908f28f8a951d213b3c0b8b1b7c2ac36f0e6b80cdd9ba928beb9f0ecdf26fcbd6760eb565c02c09c5f0bb1588276b90e1b497fc5f5a77ba7e95a946b4dccbe2cae7f12a4585bf816ec8fe503d3bfad592a3a9cb8afaeb7e37eea4dd128595c5b5845b9904ea01646ae69ff00bc52aba06930f876ede2edab89f992ebc6be78aec6767d18f5a5c01f5536558256ddbadf2aeb3e25ae0a3d49b39e6e346477b8ea8213af86a78d6b9240c6971c0059c10ba691b1b7171a7a577b6298ec1c4b1eb7e3d6e4e91a0b496caf4d0b8e1e2e38af15a8951f6d7339a674af2f76257d0b696acb685b133068fb7a54d56952d142141ddaeab4a951632b423838e0e7ec153a082a33392fb8b8a1cad54ec8724b3e2f6f55caf52030c6bb5b40f33aeaf9ed6d3cd47f276d6eb9ba8eddb99e561636135e49e1c42a7a8729291b91f5bb23b8b8a6ac0da6d10b5f2b9a25e94a1de54a0529f6253f4d53ae75c99e691f607a4aea561e4fb68856726577a1bef3d3e85517b3ccd642f7bb7f9dbbf45f5207d48d052b37d707e377a5589ba358b45042cf42dd81d4ecf2deb4ad17a79f4a3fab9410fa0f81de09fb6b6c7a9dcb0d43c9e7daa2cfe5dd3e5143106fe5a8f526be19d66b65f1d6edb90b48b5dc9c212d484a8988ea8f00355716c9fd22478d59acb5b64872c9d93c777dca81ab794e5b66992026460ddf10ff005746de44d98931f84e6f68f975f3b67dd35609236bc6d54a8e52c350aceccc61d8df17bc21900a96a5900202789dc4f01a527730b4d0a72c7870a8485ea5fcdc74ef0d7cd971875bcab2452fd1d233c96ad71dc276eb22610a4ed493aabd30bd073d2b732073b69d8a34976c69a0da537304cb2d997d823dc6df79837d75294a274eb4ee308c82355a5a2a2a3b41e035513a73e35a5cda15298e0e18a4d7cc8620865d839a436f42f9106e65239ac0d5970f8e80a09f04d5ab43b9c623ce3dab95f9df4c032dd3463d977f49f67a1246cd35b85382e42d6dc57d0b8f21c6bf7886dd1a1527bca4e8ad3b74aa5f992d4db5f194f72518f2d287debad7fe3fd45ba8e882d9b4335abbba778cc5cde8352daee2ae8f34eb9120c55960417145854a723b8fef71b2b5b250a69bd085a57a0d0f3d7ba931692d036530ad2bcd80deacec7b5b23de3367033650e6b680d03ea1c7e123d145a17c73f0b65e69c5ed9eb613023c3641008280875c2928076ebb92dfe713c2b44e7c3046fa65a7acfb94fb067d439a40ec077885c79ead6835a5702ee0ba7fa4d8cc8c4f05b65b26a0b770702e5cc6cf343b21457b0f8a41093e229dd9c46388038aadeab7227b9739b8603a168cb426c9d61b74c09dace536a7a1b87b0cab6a83c93ed2da88fa2ac0d3e25a11f2381e876cf5aa2bc783aa35dba68cb7f899b7ff004a5dfcc74e926f38edb77110d0d3b276f61756b08d4fb027edaf6d9a3c094efca7d4556bcd133bf71b38fe1ced3d39da14eb69408b18ec6f7292b2a57afa28e8401b93a8dba7677d7c9c226786c25ada9cdb73ed3b76547c34ddf30355f493dc73bb69ddf0fdabec55dcb30dc6f24684abb4142e6466d496653325687928f7b66adac129d7b0d4fb4bb92d886c795a1ce15ede6df4c1488750b9b563cc4f2361f8766c1ca166f96390e322fd66686db7b498f21a686ba25c51710a3c7b5400d7d95f535fdbc71358d60a01b3a17cc9e50d56eafee2e65b97991f210f738e25c6a0fb3a026075c5870f4fa5dd19fef5649312eac11cc2a33e9d48fe4a955af4c3fae1a70702df48569f30b4fd1978c63735e3a0abe7c7b1f867e29aff0066f43e2777fbbd9bf5faa96e539b2a7de20c99f752a9732522e3d7f8483c5165c69d78783932506ffee8a660e5b23f89fea0929edea43f047eb72681e54a93e4a1bec0b8e27795bf096a6a33e4aa3ba06a85214752dac1e074ee3d95c3755b6b9d1af0c9092d6b8d5a777e53b8d3870daaff00672c57d06590024623da129e2f49ba7b63bf3b97e19626716cc8ba9911ef16c71fd8c3a956e56c88ebab8e10e714b8dfa7b4a4e836d328bcf37acc58c3c71dbd7b14397cbb03f07381dd86cea562c9daeb66778c5f2cf6a9d6c2f2e32c38b8311f8f22437f7d80ebb21c436a753aa46d1dbcd3cead9a0eb515fdd37f45f41b5ce2f05ade1f08aeddcabbaae9d35bdbb8091b5f8406d09eb34d8b3379f1ea2749f17b7fe146cd3e4e436ec72e36bf494d328542710e389652ae3e984a13e53eef149e55d46de2f0a57bab5cac73874ec541d42e3c7b78d94a17cac691cc6a7d4ba3e912b6ad6b84b6edf0654f77f7515a71f5feab492a3f60ac98dcce006f5ae5903185c70009f42fcf5972deb8cc917090773f2dd7243a4f6add5159fb4d7526b435a1a372f9ca594c8e2f38b8d7d2b08d75e1592d154d9f978b1b775ea1b735f46f6ecf15d989d7907944328d7f9ea23c4522d6e5c90651f11fbd5cbca16e25bdce708da4f49d9ef5d815465d991421695ce598718ad3fbd5f95bf69edfa2b7431e775372d13c991bcaa9772b844b54095739ee7a712236a79f70f13b52353ed27b3c699cb23626173b0012b8207cf236360ab9c68172865f965c331bc39749dfb36923d387141f232ceba848ef279a8f69fa2b9a5dddbee64ceee81c02efba56991d8422366d38b8f13f6c16ee3b85bf75693367ad51a12c6ad25207aae0ef1af24f8f6d53b51d69b03b246333863c07bca60e929b02b6b385e38d2369885d3dab71c5957d840fb2ab2fd6aedc6b9a9cc02d5e23969cfc02d0fa1460adc88f69e5f37a8debd9a8571fa8d4b83cc13b0f6e8f1e82bd1294beb9db25daa52e14e6f6b891a8238a1693c9493da0d5dadae63b8607b0d47ab91496b81c13370aeba5971fb61b066121e91738c94a6cd1a132b9970969f7430965a054569e1b54ad06de6785741d16ee49185ae0486e07d8b8ff009b34e82de61246e00bfbccde0fcc0703eb507d4ac2baf5d6f72dcdc08c710c3652c47563f71b8ec74a7ccaf8c9ccb092353c10964296a1c380e269f1d9da2151c073a8d0680abff4d3e4d3a7588298b8e5cb565d796c255e949406adadac71f2c604efd3fdea943f445417dc38e1b1328ac98dda76ae8e8d1a3c361b8b11943115948432c349086d091c02529480001e15194fa2ad7526ca9c8306bedb0a37baa8ae3d1c76facc0f55bd3f9491532ca5f0a76bb9526d6ad45cd94b1efca48e71b47585c3a17a0d7beaff00776915d4663946669fb54702b82e97aadd69b70d9ed9e58f6f58e046041e056c47b8cd889298929e8e957bc969c5b60fd0922a92ff0027007f4a67347023dc42ecb17fe582f68fa9b3648f1bc3a9d4e0ef5a6dfcbbdbac978cb6e0f5da309774831d132dcebc4a82161cd8b5ed2745286e46d51e5512ebcbd158b5afcc5ee2713ec1f7a6da5f9eee7597c9096361601501b5ad37d4fb805d53515384b7eabad56f918664093a0b75fe2b4f1ee666a56c2fec34d2c06612338b0f56d559d6c98dd6f28f86568e875415a9d6dc25fc9ac71ef16e4172e96452ddf48737632f4f5523c53b42c7b0f7d448e711b1e0e0e69f5146b5a43aee482560abe291869c5b99b5f463e950edbed98b111ea8d5085050f410adbb9408f313e6d79ea7972af9684ccf0d8336d01d5fd306953c7e2af1dd82edaf63b3b8d3123e223fc3db8ac335695c579285ef5141d12194a09e1d853c6b26cad2e680eaf69bf035bbf885a2563bc376cf84fc44eee0acbd15c1a461f8dae4dc905bbc5dd487e432468a65a483e9b67f4805152bc4e9d95f555fdc0964d9805c33ca9a3bac2d734829249427906e1efe7569cfa026e98464501435f5edd29291fa41a514fda0569b47e49987f10562d4a3f12d646f163bd4a9ff008fabfe9fbf1bd7f6bfc37b777fbcf86f47fef54cf0bfe6e5fc7ed4b3ea0fed3e26ff000baf2d17bc7c7afd74cc9f3ff84b3dae3a4f83a56e9fc95e4db2d23e57396db7dba84c783583d653429527ea0f305b6d62b7a90e252bf878325f48580a016d32a524f1ed045782da3b822391a1ed711507685a279df044f9184b4b5a4d4732a8f4e316b5dd707c76ed776952ae5320b1224baa5ad3bd6ea02b5294903b690de79534c6dc3f2c54009d999d4f5a9ba6eb57afb48cbdf5716824d0570e64c28b0e2c26531e23296184f26db0129fb29bc16f1c0c0c8da1ad1b86c58c923a47667124a5d75113f139ef4d2dc3dc372993549f18b18a81fad54f2d364133b900f49558d4bb5796ccfc4f3e86a66d2b563550ea94c540e9d64b250745fc03cda4f8bc9f4ffd2a9d60dcd70c1ca127d6a4c96329fc07af62e174a4a884a4780039d74724015382e02d05c4340a93b02b340b0b2da02e627d5795a1f4feea7c387335c7758f384d23cb2d4e460f8be2772f20e1bd7d41e58ffc5f6b04425d4478b2bb6e4a9c8ce434ef3b8fc3c2b8a98c23a830acd78b837845e221ba45dad5d62c72dbc4042880975075e015a8d4723dbad5665d4b50003a47bc8dd9b685d0edf40d1aae641146c70ef64ec9e9a2e9fe9df512366b19d8efb422dee2a42a4300eadad0787a8debc74d7983ca9f585f8b9143b1c31fb954757d21d64e041ccc7607d87edb55eb514d52055dbf3c57250cebc1b4ebf4abff005532b56f6494aaedd570092bd76bbae1e390ad0d28a4dce46af69dad46017a7d2a523eaa4dafcc5b1060f88fa95bfc996a24ba74a7fdb6ece776cf55525717b5a2ef796633c358cdeaf3e3bd08d3cbf49205733d52e8dbdb970ef1d839caeb6f3409e78f58a4641726edb188691b4add774d52db49d013a7d400aa2e95a6c9a85c089a69bdc780e2925f5e36d622f76de0389565bee43d21c065a6c777499b75007c4a52d2e5bad850d41708f2a491c76a78e9d95d699a369568323a30f3bcbbb47dc3a155a1fdd2f8788c395bbb6e51d1c52f733ea5f461af58621795dcafed2db6938e5b987e5c990e388dfb594ede0503f79b95b52781d0f0a59aa7936395826b5223189cc7b1978f114c569b6f30be091d0dc76dcd34eced766e1b3614b3c9ad99fe696d54c94cb18a5ae2a54f371c112ef0e200d5414e27f64cea3b13b8d22d32e74fd3e50c6b9d70f79009eec4398779dcfb13e68d42e8ed3f4cc3c3b527a706f5955ec2998384df205ead6d6d951df43afca592e48753ae8e05b8ae27724a87755dc5fca656b9c7634e0360a7329eed0ed9b6f244c6ed7b4d5c76b89dc4b8edc76aed50a0745b678705215e1cc1ae943685c1b682ae71ddf59869dfcf4857d6291b850909f31d99a0acba8ac566bca9295a4a14354a868a07b41a2abc22a28b806f70bf0dbcdcadda6821ca7e38f634e2903f2575189d9981dc405f325d45e1ccf67cae70f415a04d6d51d347e5ee598fd4b8cc83c25c394cabc744877ff9748f5a6d6debc08f72bb7935f96fe9f335c3dbec5d7d5455db92e3ae6d93d36b94b4fef20bd0e5a0f716a4b7c7ea34d34bff00e401c411d4556fcc83fe0b9df2969f43826068d4d8bb5c485b321bd1693c8a1c4f11f4834a9c2bb0ab231e451c1418c231c03411d7a0e007aae721f4d538f93f4c27b87f99def4dff77b9f9ba82a6356d86cf568e30b4155995634dcd86093b84944af4c92bf78829fbbae94c5be4bd29b6e25119cc1ff003bb8570aa47fbfdefd7980b8643166ee8c7350ed4d615615b56b5c1a4c8812985710eb2e208f05248ac9868e056b95b9984710903f147fe9574d7cff000df09fff00a3e969f5558a9ffd974d7fcb5547ce7f61e5cb4ff3d145d8c75cbfc41cabf0f366fe290c5bbf1a2e957c3fa5e92be1fd2e1afbbaeeadd29b3f01950ecbdaa71e55aa01a9fd54b94b33d199b861b29ed572d3e66bb4e3df5aff00d5a855d3f83d34cbacf18d4564e3e61ff86af1f8c9b17e11f0527e3fd12af57e1fd257a9b351ef6dd74f1adf01b1f11b943eb514e750ef46ae207e731e5ca6b4c694dabc6209f98218ad93f02fc0c597e063fe1feb6ef57e1bd24fa7bf41ef6dd35f1a2e0d8f88ecc1d5a9af3ac6cdbabf80cf0cc7972b695e14d8a6b4f997efc7feb5ff00ab5a2ba7f07a95975be3175aa95f875bff008e312174367fe22d2e06c7e993f0ff00b81f11eaea35d767bbe35361367e049943b2f66be9d893dcb755fab87398fc4ede4e1876abd182b769f32bdf8ffd6aff0056a0d74fe0f4df2eb9c62eb559ea1ff8e630bbbff151b3ff000ffa49f8ef842af5f67a88d366a07ded2a6d99b2f19be18766aecaa51ab8d5c5a3fc631f874db4c71483b43695dca3a55cb71201ef009152bcc923a3d3662dc72d3a0900f524fe4281936bd6cd7e1989e96b4b87585256accec775952a3c353e5c81244491ea32b40f5352386bcc703e35c3c699365cdb294ae3b97d7c75db60fc9daae6cbdd38a47f45719978bf51f35997243a88f6b2e5b42c842b7ae53e1d46edaa3c4b6defe1c38d3cbcadd451b23a55ddaf40fbd55b4e2dd3ee26925ae561c9b05769351d41749f4db329972ce1eb3608bffcd5077b0a4ce696dc52160ee0a5768d124fb4022a1e976e60b989d2f71d51b0edc14ef305e0bbb09e3b73fab1869198102b987b2a9ebffe467ff6ff00d6e7fd95d22b61c1fd4b84e5d778c3d6a72ddfc4bf06dff17fc3fe3fe6f89f82d7d0dba9d9b75e3eee9af8d64df0ff00dbae5e5c54d885c068fa8cbe26fcb8727524f7cc034bd71f7ffaafed4dff002bf647f25547cc20d5879fd8ba9791dc3f586fecff0052a0f4f1c426f2fb6af7dc8ead9fc95a49fb2b95f989a4dbb48c03bd857479705d07d2d90cb57c92c38a0975f8fa320fde28505103e8e34792656b6eded276b99b3a0ed54df31b0981a4601db5217ab185e4b032dbda67c797e85d653cfc4b8c64a95eab4faca86c5a42b45807691cc7d5577b88df1cc5c4576d46f09c69f710dcd9b58d7e421a01a1a39bc69cfc5327a07d1eb3f4db19bc66571b6396fbecf8ef32dae4bae9784052524256da95b415b89d46a9ddf5d36b8bb93e8e47ce68329dd4dded542b8b2b48ef18cb41bc026a4d4d7d8a32e4e219b54c71de0844770abf986be7cb46174ac031cc3d6ba862524824a921038a94341ed3c2baee2a7569b5768c5429b891db5fbe869b4abda94806bacc608680782f9a25357b88e27d6a2277f8dff16eff000dfe0bf816bfd83e28afd7f4b41a6fd069aebad15b3f8c3b36fa6096cadd6331f04c593e1cd5ad3956bfff00917ffdbff5b9ff006515b0e0fea5af2ebdc61eb5e55ff519a70fc001f02e6bf68a2b61c1fd482dd7b8c3d6b99329fc4464b78fc63d2fc5be3647c77a1fbaf88f50fa9b3f4776ba55cedb2f84dcb8505171ed4049f5327894cf99d9a9856bb68a209a90a080ad7d34392ff1adb461ff000ffc43a3ff0009f19fb8d3d15efdda7e86ba78d2fbff000fc13e2572ecc39d58741171f56dfa7a789475336186d5d05a7cc97ffd07d6aff56aad5d3f83d74ecbaefcd12ab751bfc71fe09bc1cb3f0738f0693f1ff0a55ebecf511a6cd473dda54cb2365e337c30ecdbaa956acdd5fe91fe318f2536d31c42b0c4ff00a8f3118f40d87d1f4d1e9ee2ad76ed1a6bc39e9511c74fae0f4d18dd6f28a18bad66d3e65bbf1ffad5fead795d3f83d67975ce3175aa7bff00e37ff89b142ff07fe3036677d2d0abe17f0ff881bb770d77fa9cbc2a70365f4c763b266e9ad1292dd57eb86d8fc5f0fa32e6f5d55bb4f998efc7feb5ff00ab506ba7f07a71975be312f2a1f32fb4ee38f69a1d78ab97f368ae9fc1ebdcbad718928f5ea67f82faff00c3ff00c3df5b4e67e3b7fe21ecd34f5ffa34eab6df57f1789d5ddf72ab52fbf6dc5be0ff009bbfefea4f8c77f63d6fcd1a3ff8ab5da9f48f06c2db355d9b6da467f1395dedb66a330e2d61f5a6752a56150b97b0656277d8c06a5db7cb401e2a616056fb73495a7947ad43be6e6b790716bbd4a1ba4cf893d34c55d075d2db1d04f8b68083ff0076b75f0a5c3c7e22a2e8eecd6511fc03d4ae7509364b5cfcfc3f50ba6b3b9244d9f114af19317448fa48a6969b6de61c8d3e82ab5a9766f6d5df89e3d2d4caa56acaa9dd568aa9bd39c95848dcaf8175c007fb91ea7fa353f4f765b861e54935d667b0987e13d5b5710c7754c3c8791ef214143e8abedd5b36e21744feebc107a570bd3b5092c6ea3b98bbf13838746ee9c1436202e8ee4b7db4aa2c285769ef3b7d82b79d4b10d4db692ded321e296c2b7684364851d49d34ae5d71a3496dd87934cb96bc4571e7e45f48e9de6a8350fd589adaf89e2169c41a61ca3f1714bde925a3a928b839995f347ecd98cdf8194d171b7257e23ea1f49e7e320fab1d9490b497d684b4949e27422b136ad6168a652cc399496ea0f943ce60f121a9de2a0fd87315dabf2f3d23cb71bcdb2fcd733b647b5aa4be88f688ed2c3cb7021bdab91bd04a76292744f695157669ac686cc4792a49c8081d2a65cea4e9bc4a34344a5a4d3f0eef6ae95a60942ae5f9a2894877b1c4e9af8a4ffd94cad1dd9212abb6d1c0a57f5731e76ff883cb8a82e4db62c4d65091aa948402975207ea1d7e8a83acdb19602462ddbef4f7caf7c2d6f4071a364194ff004f5fad737db2e0edb273170638ad956edbd8a49e0a4fd20e95cd2eaddb3c4e8dd8387f82edce6d45139ad1776a536c5d6d4f94a9242d0b41d16dac761ee22b97bd9359cdbdaf69d87da1409230e05ae150531e0f556732c044f80892f01a7acdacb5b8f794ed50faaaf96de7895aca4b1873b88396bd142aa53796d85d563f28e04554064798dd32401878263c149dc2335a90a50e456a3c55a7d555cd5fcc371a8765d4633e51ed3bfd49b5869315a1cc3b4ee27d894b9ce40cfa06c90d616eb84198a49d425293a847b49e752b42d3dd9bc778a01ddf7ab044ddea2ba758eb992e5b6f89b0aa1c65a664d569c032c10ad0feb2b448f6d747d3adccf3b5bb86d3cc129d7afc5a59bdd5ed38656f39f70dabab4eaa3cb893f69ae9982e06ae519bf463b4d76a12127da052279a9253f6372b40596b159af8480353c00e67c2842e00c8668b95feed700754ca9b21f07c1c754a1f61aea10372c6d1c00f52f9a6f24f16791ff339c7d25466b5b9460133fe5f63991d4f82e246a98b165bca3dc0b7e97e572926b2ea5b11c48574f28479afc1f95aef77b5762551176b4b8ebb3a51d31bc309f7e5ae2c540ed25d94d0d29a6963fe434f0a9ea2ab9e633ff05e3e62d1fe609871dbf4596daec6d294ff0034694ac9a956202828b250bd4b26cfc475eded388858ba527c14f4dd47d829a9d964395ffd2abaded6aa7f0c43adc99b4a95896bce74310a4be4e81b696b27b82524d64d15216b90d1a4f22e7bf40ffd297a9a71f47e2f4f0fc4fd4fc9563aff00f65d34ff002d15272fff0047fc35ff003d55fd7a40ebdb6a3c1377c69481e2e45960ff00dd34bfbd65f95feb09c77355fcf17a9c99b4a9589637d94c861d617ee3a85215ec50d0fe5af41a1aac5cdcc08e2977d0b7947a730202ff007d6b9132dee8ed0a624b9a03f4114cf541ff00209f9a87d2157fcbae3f44d69c585cdf438a6452b5624b7eb0b6a62df8d5f503cd67c82dd216a3c834e385957fdf14d34eda5ecf998ef7aad6bc32b22947fb72b0f41d9ed4c8a56acab52e909172b6ccb739fbb98c3b1d5dda3a8283f96b363b2b81e05699a31246e61f8811e95f9faf477223ce457868f30b534e03d8a6c949fb457510e04546f5f32c8d2c7169c41a2d7970a24f8ea8b3e3b72a2a8852987d0971b253c8ed5023515e39ad70a115088a67c4eccc25a7883429aff2e86d36fea74890e46645cef56e760aa61424bcb0d290f25b2b3c76ed6cf0f014835bb7698bc403b408a9e457cf266a0f6dcf805dd8734d1bbb363eaaaebeaa5aec88a10b46eb10cb8a4206aea3cedf891cc7d35be17e477228f3c79dbcaaab4e1255cf3d52e9ac8b1cb7b20b1472e585f25c92cb635311c51d55c071f489e20fdde5cb4aa1ea9a6185c6460ec1eafb9760f2e7981b70c104c6920d8d27e31feaf5a5d5bae93ad4f7c45bdf2cad5c15a6852a1dca0781aaa5c5ac570dcb20a85797341c55999ea2dc92801f86c3ab1f7c15a35fa35355f7f972127b2f70f415a4c438ad2b8e6f7b9e8532da9111a570506010b20f66f2491f454cb6d0eda2353579e5c3d0b21180a1ad96bb85ea7356db5475ca9cf9d10d36353e2a51e400ed51e02ac5144e91c1ad15256171711dbc6649486b46ff00b63ccba8300c2a36156711750f5d656d72e32472538070427f411af0efe7db5d134eb116d1d3e23895c335bd5dfa84f9b063763472713ca7ee57bb3c4322507143f64ce8a27bd5d82a5dcc995b4de52bb68f33abb82b452a4dd142156f3fbc0b06157dbb15842e3c37bd151ff6ae24a1bfad4a152ad23f1266b7894af55b8f02d2493834d39f01d6b87acf66b8df25a205b5af55f235513c10848e6a51ec1574d5f58b5d2edccf72ecad187171f95a379fb15c2f4ad22e7529c436edcceea68e24ee0af89e97c08c03770b8c85bc94b6b90e456356184bcbf4db2e28eba052fca926b8dbbff26dece1f25adab7c28f1cef39baa9bb6ef5d8a2ff00c696f186b67b839ddf2b453aebec57ae945a31ee9be593a6dfafd1184cd8623dbfe29698ee799d0a5ea14ad34f22743ad4fb1f3c335b6088c4e8ded3538b99fcd4d9ccef4a9965e4f768d33e412091ae141b9d8f0f68f42e8a8d2634c8edca86f2244575216d3eca82db5a4f2295249047b29ba74971d61499e8c3f1f48d7f15c8a08707fb98db9e5fd89a69a7f67c47f061ebd8abbad02ff0631f14adf436a4a6652b56245084b1c434b875833fb9a78b7058b5dad0afd20d29d58fac8a6b71d9b689bc731eb55eb2eddfdc3be5c8deaa94cea54ac2abf9d4e4db30bc867a8e823db65b80f88655a7db526d599a660e2e1eb506fdf92da47706bbd4a81f812ffe9bbf08d3f6bfc35eb6dfd3f87f88fcb53fc5ff009d9bf1fb52af00fed5937f85fd355259ff00fc33a89d3bbf8e08725cbb3beaec22731fb31fce4d616bdab7959c81de82bcd47f4ef6da4e25cc3fc436266d2a56441f0a10967d34ff00856559fe2caf2a63dd53758cdf2fd8dcda0e70f00534d6f7b51c52716e5fe555ad23f4e7b88783f38e678aa6652a565555ea45a0df304bfdb91c1e5c371d60f687a38f59b23f9481532ca4c93b4f2faf6253ac41e359c8cdf9491ce368eb0b7b0fbda723c5acf7c41d4ce88cbce7838a40de3e856a2b55c47e1c8e6702a4d8dc7d45bb24f99a0fbd4e568535717759ac49b0f516f0d369db1e6a93706469a0d248dcbd3ff79beba169737896ede4d9e8fb9701f335afd3ea120183bb43a71ebaaa1014d155895bf66ba4ab15da15e609db2e03edc86bb896d5aed3e0a1e53e15aa68848c2c3810a4da5cbada66cadc58415ddd63bc43c82d10af56f5ef8739943ed1ed01635da7c41e07c6b994b198de5aec415f4adb5c32e226caceeb85548d6b525142140ddad6adca97193a83c5d6c731e23fcb53e09e9d9725d7107c4d50a40234e60f023bc7754f22a972e2eeae65699dd6038874fed71541b759b53ad348284c9b9b8bd1c50d874486ca820e834f2a89a553e896f30cd4c8793dcac565e6cbeb5219512b783fd8ec7d69c2efcbf4b047a37f688d06edf195cfb74d1ce2291bbcbcedcfeafbd5b99e776d3b509af23bee54deab74c2f580e0f272ab44e45d244175bf8f694c1425a8ae1d85d4e8b24ec514ebafdd24f6549b7f2fb337ea3c9e6d9ef502f3cef3653e0c6d69e2e39bab62b87caf65d6fc9b0a930d6c30d64f6878b37479a6d28764b2f12e30f2881a9e1b907b354f8d58a3b48adf646d002a3cfa95c5e9cd33cb8f50e61804f98b11e98e86991faca3c923bcd65248182a56a8e32f340ad5163371194b2d8e03993cc9ed26943de5e6a53a8d81828167ac16c45085cf5f32f97a5b8d030a88e7ed1e227dc803c9b46a1941f6ab55e9fa22ad1a15b54994eed83dab9af9cefe8d6db34ed3da7736e1ede8557e9e4245af136ee0c321eb8dc9c0108e45c716efa0c37bbb01511ecd49ae09e7fb99b52d77e901ecc5958de00901ce773edf43405d2fc83651d9e902e29da96ae279012d68eaf494d06302c5a45e5bb4644f4c9392a5813234a4c97a2b2e369500bf41b6548410cb9b7c8e05a86a9571d75a616da6db5bc6626b763876ab8bbedc89fcb2cef609ebb03a9f94eeaf38c0f215bf854045bf04b75e23c2549bc4c90c3d7a9490c2a529289603c5d52d2354b090a4ec48dc027440dd577b2b68ada16c710cad0124964748e2e76d254f594310334b8db6d0cb6d59255ba35cd688fb430253af3cdfa8909e00bc94f9b4f78a35e7ad4c5a9445d562f9d63b0db410a6319b64abb3e9ee9139422b40f884ef50a64cec5ab8fcee03a06d48253e2ea2c6ee8985dd2eec8eaaa63d2d4fd7c2424124e80712684258f44f5b85a721cb163cd91df274c6967b63b4bf41ad3c06c34d752ecbdb1fc8d68e9c557f44edc6f97fea3dcee8c07a933e952b025af5e25ad8e99dd2133fdeaeee46b5c703995cb7d08207f277533d31bff201dcdabbd0123d71c7e91cd18bc86fa4abd7e131ff0004fc0f4fecbf0bf05a767a7e9fa7a7d54bf39cd9b96a9bf863264dd4a2a4f5b223cbc15ebc441acdc7e545bcc7d39ee88e82afe82954c34c70f1b29c1e0b7d2122f3030fd2191b8c4e6bc7f09f7555fa0cb66e10a34f8e774794d21f695de87521493f51a5ce696920ee4fe3787b438604556c562b34bab86db0757ed73b8262e556d7adce9ef976f57aed9f696d4a4fd14cdbfa96a46f8dd5e876cf5aae4bfa1a9b1dba6616ff0013368ea4c51ca962b1af2a485a4a5435491a107910685e1154b6e94a9562959274f5f241c7e729fb6a55ccdba792f35a77ed2540d35bff00d40c987c636fe61b0aabe847c074b687fda7767f23b6b532e952b4a477cc76226e1638996c56c9936a57a1334e6623cae04fea2cfd4a3563d12e723cc670761ceb9df9d74ef1606dc346d8f61fca7dc7d6b992ae6b8d2285e27c7cbe7507e0651c1aeaee9125ad4e5a1c57243eae2b675ee5fbc9fd2d7f3aaafad595478cdc463ef5d3bc9bad6477d248761dace7dede9c472f3ae94d75aa8aeb88a108a10959d75cc6074d3a7f74cadb296ef4a02259dae1a3b3e46a96f54f68471715e09353ad5cf73837725b78d63585fbd72ffca2f4fa6e43915dba91708eb94cda4aa34090e1d4aee5286e79ce3ef290dab89ef7299cf2b5b469294db42e7d5c05575ccc71bb7068dc169881e7032c97c86c2dd57ba84eed3551ec02b5b5c1d86d5b64223a67ecd4d05779e0bd4ec7957bb7cbb44e88a7604f65c8b29b50da14d3c82858f3781ad4e99837ade2079dcb84b0a9f3fe5e7ae8ed8f215a9168664fe157959e0976d924a54cc9fe482dbdf42854b27c48f3371501adf0a5caec17e8fc6698699408c1219201494f1041edd7b75aaf39c5c6a55a1ad0d140b3562b345085079664f6ec3ec13320b9ab48f153aa5b07453aeab821b4f8a8f0fb6a45bc0e9a40c6ef506fef63b485d2bf06f59dc3a570be457fb8e4f7a9b7eba2f7cd9ce171cd3dd4a792509fd14a4048ae910c2d89818dc02f9feeee9f7533a57f79c7ec3a1333a6d7a336c29b4c77108bcd9de44a86973dd5869e0fb64f6edde362b4e42be70ffc81a7c9a6eaecd4436b14b4af2380cae6f4b768e95f407907538eef4e364e34922ad071693507a09a1e8e29d573c9f10c8ed4da65ded78f5d2338d4a6829d31664790ca82c0283a079b2468a468a6dc4d6e82f2090091ae6b9bcf873f05617dbcac25a4155e175bec9bacc7f15b8cab5db673cdada8a8690b0fc9d7575f4b5250b5321e51f7011ae856a1b946905df9b668e6105a06c9bb6d4d49dcda1182670e94c31e79496fb934f1db147c7602cb8e29d9af84bb3e5bca1aa9484048480909421b4246d421094a523b389ae9f6c25f09a2520be833530aefa722ae485b9896f77d8a95d240ac826e53d4778123219e635aca872b65bb565a23f595b89f653ebffd30c847c036fe63b4aad68e3c6325c9ff0075dd9fc8dd8d4d1a54ac4aadd47bf0c6b07bede13c5e6623888c9ed548787a4d247b56a4d4bb38bc499ade5eade976a53f836cf7efa6ce73b075acf81e3e315c36c98fe9a39021b4dbfe2f14ee74fd2b2a3585ccbe2cae7f12b6595bf810323f940fbfad58aa3a9a959d4a3f8de77d3dc392773667bb7d9cdf67a56b6ca9bd7c0b8ad29ada7621964e4ca3f8bee486ff00f56e608b94bcff0008d9d69a74a93e5a775b73177b64db54a1ac69cc3919d1a6be4790507ec359c6f2c7070c41aad33c4258dcc760e047a553fa4335e7b08876a97a8b8e3ee3d649c927887602cb639f7a36abe9a9ba834098b860fed0e949f4390bad1ac777a325879dbb3d5457ca5e9f25ef57edd29cc65ac92da9dd76c565b5798a07352239fdb23d85b2ad7d94cf4e78f1323b09065f4e1d6ab9afc4efa71333bd0383c74623d0aed6ab945bc5b21dda12b7c49acb7218577a1d4850fcb4bdec2c7169c427b04cd9636bdb838023a56e560b7258e7e0e219558fa90d022de34b2e47a7210e4af569e3ff00b2739fd029b5a7eb44e84e3de6f38c4748554d5bfe25cc7783bbfdb93f29c1dfc253312a0a00a48208d411c88a52ad6b5ee3022dd20c9b6ce6c3d0e5b6b61f68f2536e24a543ea35931e5ae0e1885aa589b2b0b1c2ad70a1e95c419c6213308c925d865eab6db3ea43904681e8cbf717edec57e9035d22cee5b711078e9e75f396afa6bec2e5d13b0c5a788ddf6e2abd531245eda75d61d6df616a69f69416db883b5495a4ea1492388208d75ac480450acd8f2c21cd34217587493ab71b338c8b2de56863288e8038e894cb424717103b17dab47d23872a2ea5a7180e66ed61ea5dd7cb9e6265fb04721a4a3fcdca39788e94d7a4aaea8a10a1f22c571acba10b6e516989788095fa888f39943e84af429dc90b07456848d471ac9af2d35068b07b1af1470aa31bc5b1ec3ed4dd8f17b6b16ab4b4a5b8889191b1b0b715b94af124f69a1cf2e3526a863030500a0542eb869f05897fcc703f2aa9b6998c9f91caa7e65c2dff00ef33da9ab49d5bd54aff00d31e9e655786eff926336fbb5e1b6931d12e64743eaf4904a92921608201274d456c6caf68a0340b4ba1638d4804ab536db6d36869a40434801284240094a40d00007202b5adcbdd085a972b940b3c19173b9c8445811505c7e43a76a1291dff00e41db59b18e7b835a2a4ad334cc8985ef395adc495c73d5aea9caea1dc931e20546c660ac985195c14eaf88f59d1f9c4704a7ee8f126afba769e2d9b53b5e71f72e2baeeb6ed424a37646dc071fc47d9c12dc9a6cab402cb126cab7c96e642794c4a68ee6dd41d08ff00d3baa25dda437713a199a1ec762d387db971532d6e65b6904b138b1edc085d53d2ab05fb2dc558bfe4ae262194a26de965bdab7230e01d5851206f3aedd00f2f1edaf9f757ff00c7da7b6e08b791ed6ef068ea1e00e3b396abe8dd0bcc77b35a87dcb5a5c70a545471239791346cf8cdb2ccaf5594176569a7aee9d5435e7b40000fa298e93e5cb4d3ce660ccff99db4f46e0a65d5fcb71b1c68380555eaf5f2644b0318b5915ff9932d7c5a2dc073421d1a3ef1fd16db2753d9ad5e2c2305e6477763198fb074aa9eb13384421677e6394720f88f40571c7ac90f1bb1dbec36f1a43b730dc667868486d206e3e2a3c4f8d41964323cb8e24a6b042d8636c6dc1a28b4aff9859f1fdc892b2ec9424ad6c3401525206baa89d00e1f4d55f54f305ad8bb238973fe56e3d3b827767a6cd73b5a28de2572ce71f30171cf13160c3c6c8b040b9479ee365e5adc9488ca2b434e9437a2028e8a3a6b526df5f7c4496c7524531c2aacd75e438a7631b2ce5b421c4068a1a6eda705d03d21eaa47ea959a64d307f0eb95b9e4b132285faa8d1c4ee42d0b2949d14011a11c08a9967762e1a4d284249ad690ed3e50dcd99ae15070e74c5a9e90258632da721eaf657936a57131e8b1f1b84a3eefaeafed52b6fea92849a6931f0ed98cdee25e7d4124b71e2de4926e600c1eb7267d2b4ed14212cacea389f56aef6674edb6662c26ed6ed797c7454fa72503c549d1ca6b27eadab5dbe3394f31c155edcfd2ea4f8cf76719dbf99bb1c3da99b4a95a1637996a434e30f2038cba92871b5710a4a86841f6835e834350b17343810702971d2d7dcc7a4de7a673d44c8b03ca916952b8976d529456d107b4a144a15ddc0534bf1e206ce3e31b7f30c5563447181d259bf188d5bcb1bb0f460532e952b4a8fbdda215fed336cb7147a90a734b61e4f6ed58d351e20f11e35b2391d1bc39b8851ee6dd97113a37f75c285543a657b93f092b09bdabff3262e530df2ae1f110c708f213de148d01f1f6d4ebd88544adeec9b798ef09268b72ecaeb697fbb0764fe26fc2ee90aff004b558d2dbac1d3719dd910fdb804e456d0a5c124e81d42b42b6547f4b4d524f2578134db4dbdfa77edeebb1f7aa9f99344fdc60ab3fb8ceef2f16fbb95720bccbb1dd723beda9a7da529b75a5829521693a292a0788208d0d5f81045460b813d8e638b5c28462bc564b5ac91e4488afb726238b664b2a0e34f344a5685a4ea149238820d785a1c083b42db1bdd1b839a684605747f4f3e6020cb659b5672a10a78d108bb253a4777b01740fddabbc8f2fead53ef746734e68b68e1bfa38aebda2f9c639008eebb2ef9b71e7e1eae64f265f664b487e3b89758740536eb64290a49e4411a822ab64106857486b838541a82b2d78b245084aaeb8ff72c47fe6381f9554e74cc64fc8e551f32616fff00799ed4d5a4cadc8a108a10aaf98f50317c1a2fc45fa686de58d5884d7ed24bbfaad83ae9fa4744f8d4cb6b396e0d183a77255a86ab6f64dacaea1dc3e23d1f60b937a97d56bd7512586960c1c7e3a8aa2db52a27557638f11c14beeec4f677d5dac74f65b0e2e3bfdcb906b1ae4ba83a9dd8c60df69e27d497e4ff00eba68abc02f24d0b6515f7a51d3599d46bf069d4a9ac6a0a92bbbca1a8d41e2186cfe7afb7f353c7bb555a8df0b666cefbb0f7ab3685a3bafa5abbfb6def1e3c83dbc8bb6986198acb71a3a036c3284b6d3691a252840da90077002b9f9249a95da9a0014182f6b5a1b429c714108402a529474000e24927b0578826895b846dcff33b87531c41364b721765c4c2c11bdb4a8fc54b1aff00b457ecd07f341a6b73fa1108779ed3f9f70e855eb1ff00973bae8f747623e6f89dd27a930efd7036ab44b9e91ab8cb64b60f2dea3b53f69aaaeab79f496b24c3168d9cf80eb56db383c699ace25235e7bd771e5c87038e2b55c82b3a9f3ea4957b7c6be777b9ef767754b9c6b5e2574d686b4656ee497b6f4f710c9ee93bf00beb86dcc0dca610deaeb6b52ce801702429ad0795557476a935bc6df1e3398f03fe3b7913e92f2789a33345797ed8a7cf442d96bc3dc5596d4e9931ae9b9d7a5a9495a9c7da1c0ea8e012120a768a6fe5fd6a47df782f6e46bc6c1bc11b6a79c7b151bcc04dd44262412de1853fc536b2ac861e298e5d3239e748b6d8ee4850fce291e548f152b448f6d75882232c8183125739b99c4113a4760d15559e8e58e75970484f5df5fc6ef4e3d7ab9eee6245c17eaed3e29494a4f88a937f28926397badec8e61b144d2e07456e33779dda3ceedaafd5013445084beead5a66bd628d9459d0577dc524a2eb1129e6e34df090d7b14deba8edd29969f200f31bbbb20cbee3e955dd76079844f1f7e039c728f88748571b2dda15fad30af36e587214e650fb2a1c7cab1ae87c4723e350648cc6e2d76213ab79d93c6d919b5ae150a435ad6a424c755331c4b15bc5873c8d768cf5dad4faa0cfb7c55891264dbe41daea036cee56e69477a751a73a956f79088df148e001da391c3df82537fa4dd99e2b9863739cc395c29de63b1fe5c4292b0fcc4f4a6ff3516f62eafc390e2821a370832e1b6b513a001c75a081afe92852dfa98be61e956236538f81de82adb2b3ab34690584875f4a4ed53ada46cd7c35209aa7dcf9cec61972769f4c4b40a7ac554d8b489dedcdb073aae66b024bab81d4dc2d3f157ab424a26446f9ceb728eaeb0a1cf7a3de478f8e957fd1f51b7bc8681d9a39303f2bbd9c08545d72c27b7945cc4dfd58bbcdf9d9bc7b5aaef8fdfad99359e2deed0f07a0cb405a15c9493c94850ec524f050efac6689d13cb1d884dad2ee3ba89b2c66ad77da9ce14a56a52d24bad1d2255fd0e6578c47dd7e40ff0088426f4fed6da47be81fed53fd21e3a6b61d2f52f08f8721eceee4fb973cf33f973ea819e01fa8311f30ff0057ad72ddc657e1ac3cebcd2cbad1f4c474a4faab78ab625b09d35dc55e5d34d6add34cd8a32f3805c96cec64b89c42051c4d39b893cca3ad1d33ea866b7c6a25f634ac6ecab429e7243a8286d0da48010940502b70ebc02c8efe5549b8d42494d49d9c02ec965a45a59b28d6873be63b49f774296cafa299be1ce4699834e9590c57545122229090f36a0376e520a8a1483a69a8d0835aa0bd923350e216fb9b0b5ba6e595839c6c3d0429fc0baa79be2685330de760bd15c2d5c6c3392a5b4d3c345105b5e8a46e04281491a8356764505fc79dc3b5be98ae7d25ddee87398e37d63c5a1db411ec3c689ef8efccbd8e4a52d6516d7a048e4a9113fb4307c769dab4fb3cd4a27d0a41fdb7070e5d855b6cbced03c5276161e2dda3dfeb4c3b7f563a737240547c8e1a09fb9217f0ca1f43c106953f4fb86e2c3ebf52b4c3afd84a364ade9d9eba2a4759725c7ee5031536dbac399e964109e77d090d39b1b46ed54adaa3a24779a61a6c1234c95691d83b923f305e412360c8f6ba9330ec703b36ed4c7919f60f135f88c8eda8d398f8b649fa828d2a6da4c7063bd05599faad9b31959fcc1552f5d7ce9b5a52a0cdc1cb9bc35d1a82d297a9fd75ec47f4aa6c5a45cbf765e749ee3cd36110d8f2f3f847b7604a2cafe64f26ba25c8b8c446ecd155a8125cd244a2396a350109fe6abdb4f6df438d9b64398fa02a75f79c2e25a885a231c7177b875a4564194b625393afb3dc95727cef714e294f485ebda7524e9ede14ddf2c500cb872055b82caeafdc5e2aeae2e71f6fb941379b5a56b095b6f348fcf29047d3b544d471a8c64e04268ef2ddcb4541693cfef0a723ca8f2da0fc6752f32ae4b41d46bddeda60c7b5e2ad350904b03e2765782d3caadb816037cea0de9bb65adb522136a4fe237229d598cd1e2493c01591ee2399f66a6a1de5e32d99538ee1f6dc9b695a54b7d26568a34779dc3efe45db58b62f68c3ec91ac36467d18318733c5c71c571538e2b86e5a8f127fc95cfa699d33cbdc7695daed6d63b68c4718a3429aad2a5254f516ef3f2ebb37d27c59f5224cc4a5dcaee6d71102d8ae68d47275e1e54a7bbc0f06d68c10b7c778c3b8389e3cc15775095d7327d24471fee3be56f0e777a9326d36b8163b6c4b45b194c7b7c1690c46653c92db63403dbde695bde5ee2e3894fa38db1b431a2800a05a99445136c13d82a4a3f645cdeb3b523d2d17c49e00796926b368ebab39226f79c36738da3d498d8ce219daf3803b799704e199be1b1fa93955ed6ecc30eecd483114fad2a69eda42d48da003e709d19d4f01c3b6abdade917bfb3dbc6432b116e6a0da370dbc95edf13b54ed16e6297547e42eacb5cb53b38ff8722dbc5b2dc56c36cc9cdc21ae0a65c4703059756b716856a811d055c95aac6d57d7ca903f4ebabab881b190e21c311b366dcc793660ba5f985de0da3a49092d68a1a72eceb4caf93c95679f15fb541f55a996671c972d97dc4aca84a1e9b6a6b6a53a27810469c143c6aed7da55cbf5a6dd3e8630cd840a6dc329da76edad786c5c8ec6f62160e85b5cd9b7f0e23d144dfea728e6796637d2c8c77c475d4df328dbc916e86ad5b697a72f59dd13c6af367fa313e638f75bce713d01562fff005e665b8c3befe6180e929b200000034039014a53d5f68422842f2a485a4a5401491a1078820d0bc4b6c04a30fc96f3d36795b62852af38dee3c0c192a3eab29d7fd939afb41d69addfeb46d9f7f75dce37f48557d2a969712599c3bf1fe4762dfe12a7ba9d9a35d3cc06fd9938d87976b8aa72332ae01c92b21b6507c14e2920f852826815a80aa5863773443c231e9f222190fcc88cadd2ca1206f5b7ea28a89e409d74faaab46411b01a56a9c5e38f8efdbbd657f2b8a54220b5be953de50f21085a11b8edd494f7528d4ee8bada46b1a73161a2c2d9d495a5c76542c894ee0a56a06defe66b8ac50991ae754767d255ddcfca40a62aff00d3b43c214d5ab5f875ba9f4f5e5b827cda7d95d73c84c905bca4f74b8539c0dbec554d70b4c8d1be9fe0abf774cce955f9fc92134a77a7b78742ef90d94951b7cb59d3e29b48fead674f500edfa2bb2474bb8c30ff0071bdd3f30e1ee5cb6e03f4a9cced15b790f6da3e077ce390fc5fe099d165469b19a990dd4bf15f425c65e6c85216850d4292470208a50e6969a1c55b637b5ed0e69a838159abc59a4a754f04b249cc31ac9e2466dab9c694e4bba6d3b03a8447750cba50068a712e94f1e074e7ae82a58b990c5e193d955dbbb1b76cfe3b5b4908a13c472f2f2aab66d92a71cb512ca87e272f7350d3dc74f338477241faf4a517d75e047b3bc70f7a7ba0e946fae3b5fdb66d77b1bd3ea505d37cad77069562b93ca727320b915d715b96e35cd4924f1253f93d951b4dbbf11b91c7b43ac7dc9a79a34716d278f18a46fc40c1aef71f5a86ea8e2d30ddd796c469bf8030d88d7058568e979b7561b594e9c404ac2776bdd57cd1270d7b987e2c3a1716f34db39f0b2403b84d798d3da9704d5bd7365e4f8d0b2017ce1cf4a16602f274ee142ce8bc9342cc05af3a5261437e5a86a194297b7bc81c07d26b5c8fc8d2ee0a5dac06695b18f888097088afdc99937792e85bbaad4e21409d768d7810469dc2b9adf6a85972d888357d3b55e2698517d25a3796dafd3df72d700c84386420edca01c411b4a8e21b5254b6f5494e84a0f1e04e9c0f0a661ce6b80750d77fdc901646f61732ad2da541db89a6c3b37f11d2aedd208516f7d40b262f7296e43b65f242623eeb2029616a492ded0ae00a940237766ee46a632e9f6e0b9bb7624b75a6c57a5ad7eca1c4634e1d2bf4b31cc6ecd89da58b25862a625bd81e56d3c54a51f796b51e2a52bb5478d576595d2b8b9c6a4ab5db5b476f1864632b4296ad4a4aa2f50f3c771a445b0e3cc0b96757a25ab35b13c76f62a43df9ad2399279e9edd27dadb092af79cb1b713ec1ca945fdf18a91c6334afee8fea3c816f60186230db3a9a94ffc7e437170ccbedd55aef9531ce2a56a78ec4ebb509ec1ed35aaeae0ccfa81468d8d1c02df63662da3a1399c76b9df31fb60ad95153055bcfa65ae16157f7ef52fe06d8a8125a912800a5203cda9b0529246e56aa1b53af135ba08dd2481ad1524a8d73332289cf79a001722627f28b7f9f89c4ca5abca63dedf407a15965b1e927d059d105e792b51428a0efda1b3a70159eb1fa91be18f6f2f31523cb130b7b88ae6605a054e51b4d0b481c14ac4f94cce2e521b837d9f0615a5e244a9511d5befb69009050dadb4051dc00e2a1c2aab63632c13b6434a35747d6bcc1697967240ccd578de071078a6af4b3a1764e82ccbde62fe48f5c21aedea6a58911db610d34cac3ca5ea95ab53e5d34ab6be474e4300db55cadb1b6dc17b8ec015a3a416b933635d7a93764145e3337c4c61b5f1547b537e586cebfa9e73fade15befde0110b708f6739f88fa545d323243a7777a535e66fc23d099b4b138450845084508545ea5e373ee76f8d9163c34cb31c73e3ad647379207ed63abbd2ea469a77d30b299ad7163fb8fd87d87a157f59b37cb189a1feec27337978b7f8825f75d6ed6cea0fcbbdcee16e7834e4f4c55c58eb3e6f8d8f210e2a32bb97e45246ba0d74a817ccfa625af34a277a3cbfb946d7c033661870e23a145e1b9d6256dc4ac7026dd5b626c584c33219297494388400a492104703dc6aaec9e30d1b55b6eb4cb97cae7061209539fe24615fff0034d7f35eff0052b3fa88f8a8bfb4dd7fd33d4ab576cbb1e937243b032b8d0a03c5b43ad98ab736687552c928d743dba5536ff4b8a49eb1b19964a6735a5286b5a72f22b15a4370c8a8f8dc5cdad36f52e89b34ab64db543996752176b7da43b11c692528534b1aa480403c7c6ba75bc71c71b5b1801a06c030a2a2cc1e1e43fbd5dab6dd69a7db5b2f212e32e24a1c6d60292a4a86841078104548069b5682011438255498f71e8f4c767db187ae1d3496e1727406f571eb4b8a3c5c64735307ef27eefe572d736f06571a4a303f3721e554e7b24d21e5f182fb671ed346d319e2dfc3c46e4cdb65d2df7a82cdced52512e048485b2fb4772140ff0094768e6294bd8e638b5c2842b6413b26607c6439a7021456638c2729b1cdb74796bb65d5e616d40bbb0017a33aa1aa56907810081aa4f3158834449135e3685c0f9cafae9805e85b3a8522e122ca97362a6b6d21f83298d78969e0d80370fbaa2950ed144f1096373452a42c2c9ff4970c91d5cad70269bd68596fbd50caaeacdb7a50d5d16d947ed531d86c212e92772d6f2d25281a683ccb15a6c6dbc08f2be95aa97acde36fae0be3cd968361e4e4ad15b2e12fa81021a6c19c4d9ab9c0ef90ccd4fa5b96388091b53b929ec3c476d743d3ad6163039b473b885c135dbdba925731ed746cdcd3b30de78a88d69c2ac00be13a50b301782afae85980be50b3a2f24f750b301685e1832ad72e3248dee36a08d786aa1c40fa48ad13b0be3701c130d3e510dc31e7005546c7ff00d29e0469fb45820fb135c5b5bffe6b3f28f595f64793ff00fe449f9ddea6acb75b73d2df4b8c2d0d86db216143828124e9a69a76546d2f5065bc65b202ecced9c9b3ef53fcc7a14d7b3b5f0b9acc8c350477aa49c294ddbd59be5ef1f7b27eafe2cc446c8fc3a5a6ed2d60f9111e0fed093da372f6207b6af3366634d4d4529cab8ac263908a368ead767769cd8d6bcb45fa594a537541ce7a8a2c52d9c5b188bf8e67b3c7f62b4b47c8ca4ff5f2943836da79f1d35fb6985b5a671e23ce58c6fe3c839527bdd43c3708a219e57603872bb805b181600de2a99177bbc9377cd2eba3978bd3a3551278fa2c83ee328e4948e7ccf60185cdd1968d032b1b837edbd6db1b11002e71cf23bbcef60e015daa1266bca94123728e891c493c869421279a711d66cc52e04973a678948dcdacf16aed776f87b14c31f5295e14e08fa48a9fee3c7f2b7de7d4abad3f5f357fd98cecfc6ff737d69c749d58914212833c797d48cce1f4aedeb51b05b8b573cde436484965277310b51f79d50dca1f9beca6f6c3e9e2331ef3b633daee8486ecfd54c2dc771bda7fb1bd3bd371a6db65b434d2036d36025084801294a46800039014a13d028bdd0bd45084508450841a109497db75af02ca3e367c46a474fb299091728cfb69763c1bb1f7246d58294a1de4a3d878f70a6a1a2f21c8455f1e1f89bc39c2a9ba43a45df8ad25b0ce68ea7c0ff9b99dbd2f3aabf2a0bc867bd7ee9adf0d8e4c93ea3f6594e3df87959e254cadb2a535afe66d527bb68a40eb666e03d0af4dbe9be777a4a5d587e4f7ab33272139165112d96d0a1eb3b164499920a35e3b1052d275fd655602d99c07a1646fa6f9dde929f733a1366c6f1fb7af05612f64365d5cd6ea44c174078b8dc9f5754ee5fdc20009e4341c9a5a36ddb5648c05aedf4151ca157b5537d2526b795ed91980cc72bc7ca4569cc530b07c9acf9358da76d4ca60b90ffb2cdb4ed0db909f6f829952001a004797868457b716c60765ddb8ee21161a8b6fa3ce3bc363c1ef35dbc1fb6d566a8e98af2a4a5692950052468411a820d0bc212dae7845e71296ee41d302868baaf52e38abcadb02577a99d7832ef769a24fe56acba6ca324fd0ede39f885589b4c96d5c66b2d95ef447b8ee6f95dd4a6f12ea2d932975cb628396ac963ea2658a78f4a536a4f3da0e9bd3fa49eceea8f7166f8866ef37e6187dca758eaf0dc9c86b1c83163b63ba388e50adea4a569295a4292781491a835093a5e5b69b69010d212840e4948007d42842d6b8daad7788e625da1313a2ab9b325b4ba8fa9608acd8f730d5a6856a96164adcaf6870e5154bfbb7417a69751aa2d8bb739f9f01e71afe828a91fd1a651eab72cf8abceabb3f9634f97fdbca7f0923ee54e9df2b9647144db721991d27926432d48d3e94fa553dbaec9f1341ea4964f255b9ee48e1cf43ee4becf3a1cfe10cda5e37c4cd4dd6e2c5b123e18b25b2febe73fb55eba69cb87b69a5a6abe3e6ecd32b4bb1e0abfa97967e932524cd9de198615df8ab831f2ada9fed7949dbda198401fad4f1fc9500ebe77307a53a679299f14a7f97ef563b67cb260d14a55729b70b8a873429d430d9fa1a4057f4ea23f5b9dd851bd1ef4d21f28d9b3bc5cfe9a7a95f6c7d2fc031c75322d38fc46a4a34db21c47aef023b42de2b503ec34b25bc9a4ef3894fedb4ab5b7db1c6d079b6fa4a50751fe5815935eaf191e3374896e97727448fc2dc8ca6a3170a40714a75b5ac852d40a8a837ccf2a43716467943dcfa5360d9f7abf69daf36cad8c2d8b36624939a9527a36609736ff955ea84a9a5ab948b3c1867cae494497e42b66bf75b0c2353c7b542a3fecec005243b36f77ef4c8f9ca47135806d14ef9c3f97953a7a65d1785d179d70c81591b0e5b5f8c1a9e5f86d45da96cee4abd72ea8a4027cc34f370eea9f6d6b2b5fdf2faeef76d55ed5355b69a21485b0e4f88103672f64556fc9ceb26ea3485d9ba58daa258c28b53f3796d90c2003a28426d5a175cee51e03c39d58c5b476e334db5db983fab82a09bd9af0e5b6ecb37c87fa06fe7573c3b03b0e151dd16d6d6fdce59df72bbca57ad365bbaea54eb878f33c123448eea833dcbe63dac06006039935b4b28ed8518369c5c7697739568a8ca7209d28425064b77ba7546fafe03884b545c4e0abd3cc7228e78a89e70232f915a87ef143dd1f529bc4c6db304af1579ee37fa8fb157e791d7b21863348dbdf70dff00807b4a6859ecf6cb05b22d9acf1910ed909b0d468cd0d12848fb49278927893c4d2b7bdcf71738d494f238db1b435a2802dfac16c54cea4e6e30bb220c26be3326bab82063d6d4f15bf35df2a78713b11aee59eef6d4cb4b7f19fb7635bb5c7912fbebaf019d9daf76c68e27ee5efa7584b784d87e1a43df1d90dc1c336ff755717254e778ad449e3b53aed40ec1e3ad797570667d7068d8d1c02caced4411d2b571dae3c4ab85445391421142114211421142168de2d102fd6c9567ba32991026365a7da576a4f683d841e20f61ace391d1b839a6842d1716ec9e374720ab5c28550711bb5cf0dbe35d37ca1e5488cb4138a5e5cffc4c76c7f7774f2f55b1c0778fa3567711b67678d18dbf18e0788e42ab7a7cf2594c2ce73507fb4ff987ca7f137ad33294ab5a2842a0e5384dc1bbaab35c15e441cb528db2a2b9c21dc9a4ff005721234d17a7bae7676f786305c8cbe14bb59d6de6f72aedf698f12fd4da9c936f1f0bc70772f02a4f0ccde165ac3cc38caedd91403e9ddacb238488ee0e1ae874dc83f75639d6ab9b530906b569c1db8a95a6ea6cbb690464919df61c5bef1c0ab5d434e1142156b2bc171dcc5a47e2b1ca27b1c61dd232bd19b1d40ea0b6ea788d0f61d47854982ea484f64ecde371e84b6fb4d82ec7ea0da3070d8e1cc5561d3d55c2400c86f3ab037d8a222de5b40ecd7f76f69dfef1a983e9a7c7f49de96fbc25446a367852e59cbd993d383bd6a56c1d57c2efcf7c099a6d77949dae5aaea930a4a55ddb5cd013faa4d6996c2560ad33378b76852edb5bb598e52ec8ff0095fd93d7ec5760a0a008e20f2239115013c5f684228425175f3fb861ff00f31c1ff4a9d6958c9f91caa7e62c20ff00bccf6a6ed2556c4508450851d77bf596c115532f7708f6f8a9049764b89693c3bb711afd15b2389f21a34125689ae2385b99ee0d1ca52f1dead4ec95d542e95d81fc896094aef52c2a15a1a3dfeab8029cfd540d6988b16c62b3bb2f20daefb9263aabe734b5617fe23d967bcf42cad74b6e193c966e7d53bc1bea9a57a8d63f1018d66695d9ab7efbc47e73878f75626f44632c0dc9f8b177a77742cc698e99c1d72ef129f08d8c1d1bfa532a3c78f1186e345690c4669210d32d24210848e0025290000296135da53c0001418240f5dbe65e2f4ca7ff000a62f119bb65c94a5c9aa9055f09092b1b92958410a5b8a0776c0a1a0d093c74a9705be7da7050e7b9c9b062b9b8fcd6f5bfe2ccafc72306f5d7e17e0237a1a777bbbf4fe5ebe3537e9a3e0a07d5c9c537b0cebd655d659b17a6776762e177294874dd6ecc1710fc961b485162236eebe8bab4ea55bd47cba94f7118c8a00642339180ddce5612be6b822207203de3f173378578ae9ec6719b2e21668d61b0454c5b6c51a25038a94b3c54b5a8f152d478a946964d33e57973cd494de0819030318280298ad4a4286ca726b4e1d6199915f1ef46dd091bd64715ad47825081daa51202456e86174cf0c6e2547b89d9030bdf80545e9fe3379c82f3fe2ae76c962fb25a2d63d6557145aadee72d41febdd07570f603a77813aea66b1be0c47b2313f31f70dc9759c0f7bfea26ef1eeb7e56fbcef4d3a569ca284228422842284228422842284280cbf14b7e616672d338a9970292f4398d707a3496f8b6eb67b083f58e1522dee1d0bf337a4711c12ed42c23bc84c6fd9bc118b48c0855bc4b31b942baa704cec258ca5a46b02e29f2c6ba309e4e344e9a39a7be8efa97716cd737c58bb9bc6f6fddca95586a3232416b75b25f85df0c8388fc5c4261d2c566450854ccc7a7f172390d5f2d729765cc210d20dea30f3e83936f27938d9ed49ff319d6f7663195c3330e2d3ece0524d434a6dc91230f87337baf18f31e2391465afa892ac970671aea5476ed17777c90af0d93f85ced386a870feed67b50bd3f256d7d9891a5f01cc37b7e26fbf9c28b0eacf81e21bc018e383fe07f4fc2790a62254140292750788238822962b2af54211421435fb13c6f2867e1f20b5c6b8b606892fb60ad3faabe0a4ff24d6e8a792235612144b8b386e05256070e50a97fe1249b39dd8365b75c7d00ea882e2c5c20a7b8069fe207f2ea7fd7e7feeb1afe5c0fa424bfb218bff8d2be2e4ae66fa1cb334d75b6d68d1522c190213dae2645bdf50fe40711afd1589368edcf6fa0ad8d6ea71fc51c8394169eaa85eff8c7a95100170e9eb8f69cdcb7dd22bc0fb12efa66b1fa7b7384be969fbd65f5b7adef5bd7f2bda7d744b6eaf6617dbb44c6db9f87dced1f0b7b8921a5495475a5f711bb465b2dad5e75766bc29ae9f6ec697d240eab0f1f4aafeb57934822cd0b99491a7696ede4d8714c71d42cd1e1a45e9bdd8abb3d7930984fd254e9a57f4b08c651e877b958bf70b9385bbba5cd1ed47e39d63b82b6c2c4ed76949e4e5cae66491ed4456ffd2af3c3b56e2f73b99b4f595ef8da83f08d8cfccfaffe90b59cc47ab97b514def378f6888ae71ec10825cd3b83f214543dba567f516ccee4798fe23ec0b5fd1decbfdc9834706369d676adcb4f45f068125372ba477b23bc03b8dc2faf2a739af8217fb31f422b5c9a84ce1941ca383762df0e8f6cc76670f11dc5e731eb57f69a6d96d2cb284b6d206d43680129481c800380a5e9c014c164a17aabf9d5f5dc630ac8b24636fc45a6d932733bc6e4fa91d85b88d4768d40a10bf2d6c0fdf7a9d9e351ae7291f8be472dd7e64e2824079ddce295b4287941fba0f01c2b7fd718d8491b1a09f428bf402578009ab881e95d24c7cbae12d4671a93225bef390c301ff00536a912c28a8c84a479788d13e9a814e9e3c6aafff00e8ee09d8063d5c3ef56cff00f31001b5c70ebe3f72e6deafd86e18b7506f76399324cb4b2e21d873652ca9f7233ad256cad4aed504f975ef4d3ffa832b43abb0aae7d3885c5b4da0d17e94743f367fa85d2cc6f2698871bb93d1447b88752a4154a8a4b2e383701aa5c29f5124762abd0bd56fbf5fad18c5a655f2f92910ed90d05c7df70e8001c801cca8f2007126b6c513a4706b45495a66999130bde68025963d68bcf556f9073ccb632e061b6f57c46298cbe3f68f39f7274c4f2d74e2d23b39feb3396465b30c519ab8f79dfd2df6a530c4fba789a41460ee37fa9dec09c14a13c45084508450845084508450845084508450855ecbb10b56636bfc3ee214dbed2bd681399f2c88b213c52eb4ae6083cc76d49b7b8742eccde91b88e096ea1a7c5791e47e236b5c3169e2155f1fcdae98ece6712ea5ed8d745abd2b55fd3e5837148e0355726defce4ab4d7f2cb96d9b20f120da37b77b7de129b4d4a4b77882f763b06c9f0bffd2ee44c9a56ad08a10b42ef66b55fe03b6bbcc46a75bde1a391de485a4f711dc47611c45671c8e8dd99a685689e08e761648d0e69dc52e862b9c74f15ea60b24e438c83e6c5ee4e84beca79ff006492aec1d885f0f69a69e3c371b25195df30fea1ed0ab62c6eac36da9f123ffa6e3b47e477b0a9ab4755f15b848fc32e6b7ac590207ed2cf74694c48dddcdf029735fbbb09d7baa34b65231b9c51cde23edb131b5d5e199fe1bab1c9f23c50f46e3d0b5aff009e4df5551ec311ff00491c1535715e56a7f41251a69e26b9eeafa86a61c63b481d41f1918fe51ed2aed656d684669a41f97dea059cd72a8ebf556b7dd46a0143d117b0ebd9c1b491f5d56a1b8f3146ea9639dc8e6b69d5429abe2d31c29980e62530f19c9a2e4514a929f466b3c24c63a8293a91a8d403a6a3da2afba56a82ec398f6f872c7df61ddf7155dbbb4309041ccc7775dc54f53c501142127fafff00dc30eff9920ffa54eb4ac64fc8e555f30e107fdd627052556a45084508450845085197bc82c98dc15dceff003d8b7416fde7e42c369d7b86bc49f01c6b64713e47656024ad134f1c2dccf21a3952af27caeedd59b1dc712c02c0eccc7af2cb902765174f520dbd2c3e92870b09f2bcf1d0f0291a6b4c45a4716d9ddb7e56ed3d2700949be9a7d96cdd9f3bb637a0625722e67d23c93e5f73eb75c99921364796945b328763a9f88d979212e875a49590b6f55689d7552788d78e91fe9e099ae14343babbb9d4dfa89e0734922a3e2a6fe6564bafccecc76d2b8768b0331aee5011f88bce879adc929f38683682770078288d351ce9533cbec0eab9d56f0fbd367f98de5946b68ee3f728ce97e1398fcc17512df7ec9d2a9b60b3b8dfe2d7671a6da6830cb85e4c46f6a5214a5a8edda35d89249ecd5c3a28add995a376c499b2cd70f2e71c4ed5de594e5d8ee0f6855db2196887091a36ca00dce3ae69e56da6d3c54a3d805468207ccecac1552ae2e6381b99e683d7cc97f67c66ff00d4ebcc7cbba8904dbf1780b0f635883de65173eecb9e9e457a7b8d1f77b7c5849332dd86388d5c7bcff63793977a5b14125cbc4930a347759fd4ee5e4dc9bd4a13b450845084508450845084508450845084508450845085197eb05a326b63d67be4544cb7be345b4b1c88e4a491c52a1d8a1c456c8a57c4e0e69a10a2dcdac573198e5199a52e9bb9653d2858897d4bf9174f53a222de1a49727dbdbe494494278b8da470f507fd89a69922bbdada324e1b9dcdc0f22ad896e74becc9596df73b17b3f3711cbfe09976abb5b6f9059b9da25353603e029a90c282d07e91c88ed0788a55246e61cae142acf04f1ccc0f8c8734ef0b76b05bd142142e436cb74d6634a9915a7a4c39319d88fb884a9c65c0fa3cc8511aa4fb2b20f7004038ad4f898f20b8025b872732aadda4db3d669cbc5c576fb92a44a4b9296e2d1e816d47d26dbd14023723428e1b57e24e8705b57297cd1aba8b74cae0994cdc5ec6d98c94c56996df319b99b95ebee084e9bfddd09fbbcbb699da16e53c52abc0f2e1c1347e5c6e376b363f667b2d906215992cfa93d7e92c465295e8874ba410adc386ee3a695ca9ef6fff00a6736004e6147538e4a9f505738fb3a3874c40ca7613c33507ad74cc799125a77c47db7d1f9cd2d2b1f5a49ae885a4621579af6bbba4159ebc59a4f7cc07f70c37fe6481fe953ad2b193f23955bcc1843ff7589c34955a504e9c4f2a10a1ee595e31666d4eddaf30a1368f78c892d37f62942b732091fdd693d0a349750c62ae7b47390a972fae387a9cf86c663dc72a9a75086acb0dd7db2af1754128d3c413535ba74836bc860fc47d98a5aed6213b230e90fe169f5e0b54cdeb6e5fc20c18381da97ff889ca172b9949ed4b48d1a49f059acb2da4589329fe56fbd619afe7c03616f2f69dee5bd65e8ce3516722f594489597e429e2275ed7ebb6857fba8ffbb40eee048efad725fc8e19594637837675e2b7c3a544d76779323f8bb6fa0601319294a1212901294801291c0003ba9726eb5ae56cb75e213d6dbb446675be42763f164b6979a5a7b9485820d7a09182f08046d4b3ff00a6ae88197f19fc231f7ebbbd2f5a4fa1af3fdd7abb34f0dba56ffa89298a8ff4d1f05bb906778cf4f9a8d85619694dcf25d9b2d98ad99b4212d03c94f7a63630df6a94aff3d4882d1d28cef3959f31f671512e2f5b11f0d833bf7347b7805e313e9cdca5de5bceba9afb576cc5035b741686b6eb53678844741e0a707de74f1d79779ca7bb01be14232b37f1773fb9636f66e2ff00167399fbb8379bde99b4b53645084508450845084508450845084508450845084508450845085f08d468795084b8bc74da75aee0ee47d339e9b0de1d3be65a9c4eeb4cd57fbc687eed47f3d1fe7a691de073724c33b771f88731f62adcfa43a3799ad1de13ce2df81dce377385eecbd538cd4e463d9ec2562b92ab834894a060c9d386e8f27dc209ec51faebc92c496e788e76f58e70b2835901fe15d37c19397baefcaec3d2986950500a4905246a08e208a58ac4b04e882745722a9c5b5bf694bade9bd2a42829246e046a081cc57884a8bf4ccbed92dc87739ea750a0a436f2e3c5525c695c0ed2593cc734d72cd4fcc3aa584a6391aca7c2eca68e1c9daf48dcadd69a65a5cb3334bb94570ea5c77d5bc8f3bb33c8e9bdc3299976c72029371821f5912009015b1b79d1e673d31aedd49035e1a721d43cbda88d46d05c16647125a78546f1cea89ab5b3ad6630e6cc06d1d3c57447cadb3133fc0642b298ed5d136a7d76a2ccc48901d484a1f438bf535d5412b0907c35a54dd17e9b5592f5aeef8ecf213b1dead9ce5321782e6c5b6ef6870076d76d40eea6b4be8674d242cbb16d2bb6be78fa96e93222107c036e04ff0046ad6dd4ae06c2eaf3805575fa15938d43329fc248f515affe0c478c34b566593c003dd4a2e45c48fa1c42ab2fdc09ef3187f8561fb2b4776595bfc7ef4b8eaf60d76b0c4c6952732bc5dd12ef71233489eb697e82dcdda3cd94a13e74fddd78534d3ee9af2fa46d6d1870dfc8916af60f8845595eeac8d1b4e1ca39531bfc24bb3bc26751727751da96e534cebfcd6a95fd7b7744cf47de9ffed2edf3ca7f8bee5f3fc08c4642b75dee57cbc7e72675d242927da1b2dd1fb9ca3ba1ade66847ec901ef17bff0033ca9bb4f493a6b6458760631003c9e4f3ed094e6bdfbdfde75fa6b4497d3bf1795322d32d62eec6df457d6ae4d32d30da5a61096da40d1084009481e0070a855aa62000bdd0bd4508450850793e5f8d61b01572c96e4cdba28f74baaf3ac8ec6d03552cf8241adf0c124c68c152a34f731c0dccf2004b955dfa99d53fd9e38cbb83e10efbd7b988ff008c4b68f6c660fee428725af8f68eea61920b6ef7ea3f80ee8e73bd2bcf7375ddfd28f89ef9e61b95f70ec171cc16de60d8636c71e3be6cf78fab3253bdab7de3e659fb076015027b87cceab8fb8732676f6b1c0dcac1ef3ce5596a3a948a108a108a108a108a108a108a108a108a108a108a108a108a108a108a108a10a3eef64b3dfe1aa05ee0b17084ae25892da5d4ebde370e07c456c8e47466ad2415a2682399b9646870e076a8bc6f09b4626548b2bb35a84410880f4b7a4456c13afecdb754b08d3f46b64d70f97bd4af1a0aa8d6b6115b6c8ea070cc48e8070564a8e982c3222c696d96a53287da3cd0e242d3f51ad33411cadcaf6870e045566c7b986ad241e44aecbfe5cfa599bde977ebddb5ff00c416d36c2be1653b1dbd8d6bb7c8d9035e3ceb6da35b6b1f8713431b5ad00e2b44ecf1df9e425c559fa7bd34c4fa616c9769c463bb1e14d91f17212fbcb90a2eec4b7a853849036a070adaf90bcd4af238dac140ae15ad6d45085039362163cb9b80d5f1a5ba8b6cb6ee11036e2dadb219d7693b08d40d791e15be29df15729c453a144b8b58e7cb9c5729cc39c29ead0a5a28422842284228422842c3219f8961c63d45b5ea24a7d4695b1c4ea34d527b0f8d7a0d0d57845451546dbd2cc2edf7755fde82bbadf090a45c2eef3b717dbdbcbd33254bd9a7e88152df792b9b92b46f01b3d4a147630b5f9e9577176d3d6ae950d4e4508450845084508450845084508450845084508450845084508450845084508450845084508450845084508450845084508450845084508450845084508450845084508450845084508450845084508450845084508450845084508450845084508450845084508450845084508450845084508450845084508450845084508450845084508450845084508450845084508450845084508450845084508450845085ffd9);
INSERT INTO `tbl_product` (`pid`, `unitid`, `pname`, `descri`, `status`, `photo`) VALUES
(2, 3, 'lotion', 'Pure organic ', 'Verified', 0x89504e470d0a1a0a0000000d494844520000011c0000011c080600000015f40be0000000097048597300000b1300000b1301009a9c1800000a4f6943435050686f746f73686f70204943432070726f66696c65000078da9d53675453e9163df7def4424b8880944b6f5215082052428b801491262a2109104a8821a1d91551c1114545041bc8a088038e8e808c15512c0c8a0ad807e421a28e83a3888acafbe17ba36bd6bcf7e6cdfeb5d73ee7acf39db3cf07c0080c9648335135800ca9421e11e083c7c4c6e1e42e40810a2470001008b3642173fd230100f87e3c3c2b22c007be000178d30b0800c04d9bc0301c87ff0fea42995c01808401c07491384b08801400407a8e42a600404601809d98265300a0040060cb6362e300502d0060277fe6d300809df8997b01005b94211501a09100201365884400683b00accf568a450058300014664bc43900d82d00304957664800b0b700c0ce100bb200080c00305188852900047b0060c8232378008499001446f2573cf12bae10e72a00007899b23cb9243945815b082d710757572e1e28ce49172b14366102619a402ec27999193281340fe0f3cc0000a0911511e083f3fd78ce0eaecece368eb60e5f2deabf06ff226262e3fee5cfab70400000e1747ed1fe2c2fb31a803b06806dfea225ee04685e0ba075f78b66b20f40b500a0e9da57f370f87e3c3c45a190b9d9d9e5e4e4d84ac4425b61ca577dfe67c25fc057fd6cf97e3cfcf7f5e0bee22481325d814704f8e0c2ccf44ca51ccf92098462dce68f47fcb70bfffc1dd322c44962b9582a14e35112718e449a8cf332a52289429229c525d2ff64e2df2cfb033edf3500b06a3e017b912da85d6303f64b27105874c0e2f70000f2bb6fc1d4280803806883e1cf77ffef3ffd47a02500806649927100005e44242e54cab33fc708000044a0812ab0411bf4c1182cc0061cc105dcc10bfc6036844224c4c24210420a64801c726029ac82422886cdb01d2a602fd4401d34c051688693700e2ec255b80e3d700ffa61089ec128bc81090441c808136121da8801628a58238e08179985f821c14804128b2420c9881451224b91354831528a542055481df23d720239875c46ba913bc8003282fc86bc47319481b2513dd40cb543b9a8371a8446a20bd06474319a8f16a09bd072b41a3d8c36a1e7d0ab680fda8f3e43c730c0e8180733c46c302ec6c342b1382c099363cbb122ac0cabc61ab056ac03bb89f563cfb17704128145c0093604774220611e4148584c584ed848a8201c243411da093709038451c2272293a84bb426ba11f9c4186232318758482c23d6128f132f107b8843c437241289433227b9900249b1a454d212d246d26e5223e92ca99b34481a2393c9da646bb20739942c202bc885e49de4c3e433e41be421f25b0a9d624071a4f853e22852ca6a4a19e510e534e5066598324155a39a52dda8a15411358f5a42ada1b652af5187a81334759a39cd8316494ba5ada295d31a681768f769afe874ba11dd951e4e97d057d2cbe947e897e803f4770c0d861583c7886728199b18071867197718af984ca619d38b19c754303731eb98e7990f996f55582ab62a7c1591ca0a954a9526951b2a2f54a9aaa6aadeaa0b55f355cb548fa95e537dae46553353e3a909d496ab55aa9d50eb531b5367a93ba887aa67a86f543fa47e59fd890659c34cc34f43a451a0b15fe3bcc6200b6319b3782c216b0dab86758135c426b1cdd97c762abb98fd1dbb8b3daaa9a13943334a3357b352f394663f07e39871f89c744e09e728a797f37e8ade14ef29e2291ba6344cb931655c6baa96979658ab48ab51ab47ebbd36aeeda79da6bd45bb59fb810e41c74a275c2747678fce059de753d953dda70aa7164d3d3af5ae2eaa6ba51ba1bb4477bf6ea7ee989ebe5e809e4c6fa7de79bde7fa1c7d2ffd54fd6dfaa7f5470c5806b30c2406db0cce183cc535716f3c1d2fc7dbf151435dc34043a561956197e18491b9d13ca3d5468d460f8c69c65ce324e36dc66dc6a326062621264b4dea4dee9a524db9a629a63b4c3b4cc7cdcccda2cdd699359b3d31d732e79be79bd79bdfb7605a785a2cb6a8b6b86549b2e45aa659eeb6bc6e855a3959a558555a5db346ad9dad25d6bbadbba711a7b94e934eab9ed667c3b0f1b6c9b6a9b719b0e5d806dbaeb66db67d6167621767b7c5aec3ee93bd937dba7d8dfd3d070d87d90eab1d5a1d7e73b472143a563ade9ace9cee3f7dc5f496e92f6758cf10cfd833e3b613cb29c4699d539bd347671767b97383f3888b894b82cb2e973e2e9b1bc6ddc8bde44a74f5715de17ad2f59d9bb39bc2eda8dbafee36ee69ee87dc9fcc349f299e593373d0c3c843e051e5d13f0b9f95306bdfac7e4f434f8167b5e7232f632f9157add7b0b7a577aaf761ef173ef63e729fe33ee33c37de32de595fcc37c0b7c8b7cb4fc36f9e5f85df437f23ff64ff7affd100a78025016703898141815b02fbf87a7c21bf8e3f3adb65f6b2d9ed418ca0b94115418f82ad82e5c1ad2168c8ec90ad21f7e798ce91ce690e85507ee8d6d00761e6618bc37e0c2785878557863f8e7088581ad131973577d1dc4373df44fa449644de9b67314f39af2d4a352a3eaa2e6a3cda37ba34ba3fc62e6659ccd5589d58496c4b1c392e2aae366e6cbedffcedf387e29de20be37b17982fc85d7079a1cec2f485a716a92e122c3a96404c884e3894f041102aa8168c25f21377258e0a79c21dc267222fd136d188d8435c2a1e4ef2482a4d7a92ec91bc357924c533a52ce5b98427a990bc4c0d4cdd9b3a9e169a76206d323d3abd31839291907142aa214d93b667ea67e66676cbac6585b2fec56e8bb72f1e9507c96bb390ac05592d0ab642a6e8545a28d72a07b267655766bfcd89ca3996ab9e2bcdedccb3cadb90379cef9fffed12c212e192b6a5864b572d1d58e6bdac6a39b23c7179db0ae315052b865606ac3cb88ab62a6dd54fabed5797ae7ebd267a4d6b815ec1ca82c1b5016beb0b550ae5857debdcd7ed5d4f582f59dfb561fa869d1b3e15898aae14db1797157fd828dc78e51b876fcabf99dc94b4a9abc4b964cf66d266e9e6de2d9e5b0e96aa97e6970e6e0dd9dab40ddf56b4edf5f645db2f97cd28dbbb83b643b9a3bf3cb8bc65a7c9cecd3b3f54a454f454fa5436eed2ddb561d7f86ed1ee1b7bbcf634ecd5db5bbcf7fd3ec9bedb5501554dd566d565fb49fbb3f73fae89aae9f896fb6d5dad4e6d71edc703d203fd07230eb6d7b9d4d51dd23d54528fd62beb470ec71fbefe9def772d0d360d558d9cc6e223704479e4e9f709dff71e0d3ada768c7bace107d31f761d671d2f6a429af29a469b539afb5b625bba4fcc3ed1d6eade7afc47db1f0f9c343c59794af354c969dae982d39367f2cf8c9d959d7d7e2ef9dc60dba2b67be763cedf6a0f6fefba1074e1d245ff8be73bbc3bce5cf2b874f2b2dbe51357b8579aaf3a5f6dea74ea3cfe93d34fc7bb9cbb9aaeb95c6bb9ee7abdb57b66f7e91b9e37ceddf4bd79f116ffd6d59e393dddbdf37a6ff7c5f7f5df16dd7e7227fdcecbbbd97727eeadbc4fbc5ff440ed41d943dd87d53f5bfedcd8efdc7f6ac077a0f3d1dc47f7068583cffe91f58f0f43058f998fcb860d86eb9e383e3939e23f72fde9fca743cf64cf269e17fea2fecbae17162f7ef8d5ebd7ced198d1a197f29793bf6d7ca5fdeac0eb19afdbc6c2c61ebec97833315ef456fbedc177dc771defa3df0f4fe47c207f28ff68f9b1f553d0a7fb93199393ff040398f3fc63332ddb000000206348524d00007a25000080830000f9ff000080e9000075300000ea6000003a980000176f925fc54600004bbb4944415478daecbd779c5d5779effd5d6bb7d3a768461af56a5b2e72efb850634ab0093521210981949b9bf6a671d3defb26971beebd21c91b92006f4c0d100831a6981863630c2eb857d956ef6534bd9cbadb5aef1ffb8c3423cd489aaa9933ebf7e12079463a9ab3f65edffd3ccf7a8ad05af7636464643407125a6b6d96c1c8c8682e24cd1218191919e018191919e01819191919e018191919e01819191919e018191919e018191919e0181919194d5bb65982c5a35829aa359fc16289fec122c54a952008192a95191c2e53aa56a9d57caa7e40ade613294d1cc7c44a2300cb1258d2c2b62429cf239d72497b2eb96c8696428e7c3683e73a14b2195a9a0b34e732a4531e4208b3f84606388da86a2da0ab6f8063bdfd1cecec66dfe14e7a0787e9eceea3b77f88fee12295aa4fd5f709c208ad344a2b944a12ce13368891ffd535f2bb1349e923f9e95a6b102085440a819402cf7549a55cb2e914ad4d7996b636b3bc7d096d2d0536ac5ec1ea8e363ada5b696f69c6731d73d116914c69c30256dfe030fb0e1f63c7be43ecd87f881d7b0f73b4bb97bea161ca951a41181d8788252d2c4b624989900229c48c581e620c864e4048698d521aa514511c132b55a794c0731d7299346d2d05d62c5fcaf9eb56b379c36ace5bbb92752b3b68ca67cdc535c0313a97f283907d873b7979d73e9edfb687ad3bf771a4ab97bec121fc20018b635bd8b685252da49cdf6e4c022245144544710c08d29e4b5b4b136b562ce5b2cd1bb96cf3462edab08675ab3ab02dcbdc04063846b3a5288ed97de028cfbcbc83275edcc6cbbbf773f8580f956a0dadc1756c6cdbc2b6ac71ad8c057723024a431cc784514418450821c86733acad03e8ba4b2fe4ca8bcf63c3aae5e60631c0319aae7a078678f6955d3cfaec569e7c693b7b0f7552aed69052e03a0e8e6d2dba00acd29a308c08c210ada190cfb069cd4a6ebcec225e73d5255c71e126e38219e0189dad0e1febe1b1e75ee1074f3cc733afeca4bb7700a5349eebe03ab639e11907404110128421b66db162691bd75dba99d75f7f05375e71314b5b9bcd2219e0188d56674f3f0f3ef11cf73ffa0ccfbeb28bbec1612c4b92f25c13ab98a4c228a6e60768ad59d6d6c2755b36f3e65baee5b5d75e4a4b216f16c8006771aa54a9f1f0332ff1ed071fe327cfbf424fff10b66d91f65ca434f99733a1384ef28c9456ac58dac6add75ecaedafbb911baeb808cf31c7ef06388b402feddccbdd0f3ccafd8f3ec3fec3c71042904e79589681cc6c2a8a622a351f4b4ace5bb792b7dd7a1def78e34d6c5ab3c22c8e014e63a9e607dcff9367f9da777fc8132f6da752ab91497938b6c9b33c17f28390aaefd39ccf71cbd597f2fe9f7e3db75e73a9b12c0d7016b68e74f771f7fd0f73d7fd8fb073ff612c29c9a43ca41098453ec7373a496947a5ea23a460cb79eb79df5b5fcb1d6fb8d1c47a0c701696761f3cc217be793fdff9e14fe8ea1b2093f2704dcc60de5ba17e10b266c552defd53b7f0f36f7f032b97b5998531c099bf7a69c75e3e7bd7bd7cefd167182e95c9a553d8b68d59d20572f30b08c28872d567696b13ef78e34dfcca3bdfccfa551d66710c70e68f5edcb1977ff9f7eff2bd479ea2560bc866d25896c0ace4c2054f14294ad52a2df91cef78e34dfcda7bdf66c06380736eb563df613ef5d56f73cf434f50f17df299b449cc6b30f0c4b1a258aed2da94e73d6fbe955f7befdb8cab658033b73adaddcba7bef65dbefebd1f315caa90cba69106348dbb298048294ae52a4b9734f38b77bc895f7defdb68ca99120a039c5954b5e6f399bbeee5b3777d8fcebe010a99b4394a5d64164f18c694aa5536ae5ec16ffedcedbcffa75f6fee01039c99d73d0f3dc1df7de12e5eddb39f5c3a8de3582646b388c153f3436a7ec0b5975ec0473efcb3bce6ca4bccc218e04c5f3bf71de663777e95ef3ffa348e6d93f65c934363745c956a0d2104efb9ed167eff83ef31f11d039ca9c90f423efdb57bf8e457bf43b15c219fcd9845311a575a6b864b153ada5bf9830fbe870fdcfe46b328063867afc75f7895bffce72ff1fcabbbc86733d8b634ee93d119dc2c411086942b3eafbffe32fee2373fc0451bd79a8531c09958e56a8dbffdfc7ff0b96fdc47ac14d974ca24ed194d5aa54a955c26cdef7ee067f8f5f7bddd14e61ae09caa275fdcc69fffc3e77969e75e9a7259934f63340d6b27491c2c562adc7cd5163efabb1f64f3863566610c70925ec1fff0af77f34f5ff91671acc8a43de33e19cd18788ae52a855c963ffed0fbf8e03b6f338bb29881b3fbe0513ef2f13b79f4d9ad147219934f61342bd009c39872b5c6edafbf81fff97b1fa2bdb5c92ccc6203cedd0f3cca7fffc72fd23f344c3e9b31b11aa359d750a9cc8655cbf9df7ff8abdc7cd516b3208b0138c54a8d8ffdcb57b9f33feec5731d3cc731b03987d2806d8945511a2284a05af34108fee857decb6ffdfc1d063873099c8181019e7aea297a7b7be724482b84e06067372f6cdb4d3e9b318db0cee58d5687cd4039607be720653fc25e24a739b152144b55ee78c38dfcef3ffcf0a26ef83567c0397cf8305ffad297181c1cc49ec3569b8e6d9bf9d5f34896140c5502beb7f508c3d5104b2e9ed3c1a162998b36ade5137ff65b5c72de3a039c59237c1c73e79d7772f0e04152a994d9758b5c9e6371b0b7cc7d5b0f2f1a2b67c4e22e55aae4b369fef68f7f83b7de7adda2bbf67372b50706063876ec189ee799dd664410c5b4173c722907b588e2695a6b729914353fe4d7fefbdff34f5ffe9601ce6c28aacf8936324a761e0804965c7c5d1247e6c2a73d97fff1a92ff391bfbd93308a0d708c8c66ddc558c49f5d4a497321c7e7efbe8f0ffdf9c7192e550c708c8c66c9c0410a1655c07822b514f2dcffe833fcfc1ffd35c77afa0d708c8c8c6657cd852ccfbebc939ffd838fb2f750a7018e9191d12c5a7c1a0af92cbb0f1ee167ffe0a3bcbc6b5fc37ed6793b7b56298552cadc8d0b444208a494e67060cad0d1e432198ef5f4f3f37ff4313efbd13fe4ea4bce37c0990bf9be4f2693a1502860599629455800b089a288c1c1418220c0755db32853844e26ed31385ce297ffe47ff3998ffe21d75f76a101ce6c2a0802aebbee3a6ebae9269a9b9bcd1373814829454f4f0f3ff8c10fd8b66d9bc9b99a867b954e79142b553ef8a7ff87cffff51f371474e6550cc7f77daebcf24a6ebffd765a5b5b8f9be8e635ff5f9665d1d1d1c1fbdfff7ed6ad5b471886861ed3b074d29e47a5e6f32b7ffa373cfdf20e039cd95864d775b9e9a69bcc1db7906f2829b9e9a69b4cfc6d86a053aed6f8e09ffe0d2fedd86b8033d32679369b259fcf9bbb6d81abb5b515c7b4019919e8a45c868b653ef8a77fc3ee83470c708c8cc69389bdcd5c4c27934ed1d537c02fffc9ffe14857af018e9191d1ec5a3ab94c9abd873af9d09f7f9c81a1a2018e9191d1ec42a790cbf2c2b63dfcd7fff109fc606106e50d708c8c1610749af3591e7cfc79fef4ef3e638063646434cbd0019a0b39be7ccf83fcdd17ee32c03132329a7d15f2593efeb9ffe0ee071e35c03132329ae58d2b0469cfe5231fff179e7b7597018e9191d1eccab12dfc20e4b7feea1fe9ee1f34c03132329a3d69921c9d7d478ef17b7ffdcfc40b20bbdb00c7c8682143476b0ab90c3f78fc39fee6b35f37c03132329a7d35e572fce397bfc9f71f7dda00c7c8c8689637b214388ecd473e7e27878ff518e0181919cdae528e4377ff201ff9f89df3369e63806364d420d2403e9bc4733ef96fdf31c03132329a7de5b319fefe0b77f1dcabbb0d708c8c8c6657962589e2988ffcedbf50aed60c708c8c8c66579994c74bdbf7f2779f9f5ff55673021c69262c1a19cda93449bdd567eeba97275fdab6b880138631716c7adc1a19cde9e61602a5357ff1892f50f3e747ff9c3901cee7efbe8f200c4ddb4923a373e05abdb06d0f9ffedafc38b59a75e03cf8c40b7cedde1f914da7ccd537323a072ae4327cf2abdf61e7fec38d0d9c6acde7a39ffa32d29260ac1b23a373225b4aca951a1ffdd4971b1b389fbbfb3eb6eedc47da33a35f8d8cce953490cba679e027cf72cf438f3726700e7676f3c9af7e875c366daeb891d13c90e7bafccd67ff9d62b9da78c0f9bbcfff07fd83c3d89665aeb491d13c50ca75d8b1ef10777efdbb8d059ca7b7eee09b3f788c7c3663aeb291d1bc72ad327cf61bf79db38af219078ed69a8f7feeebc44a99637023a37926dbb2e81b1ce6efbff88dc600cefd8f3dc3c3cf6c35c7e04646f354856c86bb1f7894ad3bf72d6ce04471cc27bef44d1cdbc46d8c8ce6ab8414f841c027be7cf7c206ceb71ffc09cfbeb28b74ca3357d5c8681e2b9749f3fd479ee1a9ad3b162670fc20e4d35fbb07cf75ccd534329aef568e10c44af1cf5ff9d6c204ce3d0f3dced69dfb4899243f23a305a16c26c50f9f7c81275fdabeb080138411777efd3f8d756364b490ac1c044a293ef5b57b161670ee7fec695edab9d7583746460bcdca49a778e8c917787edbdcb4239d367062a5f8cc37eec3b66d73f58c929b4ac824cb4c8318e7c5a85fcdebdcbe04822008f9cc7fdc3b27f7c6b429f1c8b35b79faa51de43226ef6621a916fb6860e653330535e5439d394a8cf727408ddc7d36a6d1ed39563e9fe681279e65eb9e7d9cbf7e255aeb49bf87062402cf726717385ffce6fdf57fce6821e899be57b8fbc08374d7fa8f6ffe99e58d40a998f275e57a9460e21b74c5155996e92c261ffddc2b8a633eb6ff5fc875a7a60c1c809599a5bc77dd6d5cdcbc71e681b36def411e7ee6259355bc40f470d7b37c6ceb670170e52cbac04260a5ad333e88ec8cc436b8991772b1a8c4554ad5f2b4aec8e14a17cff56fe7af2eff4dae68dd3cb3c0f9ca3d0f52aed468ca67cd155b002ed4bfeeb9075b485c6b0e82fb67d1c25a8f79361a9d6b59482c393dffd69636d5d8e75ff77c872d2de7618bb15507537ef7fea122f73efca4b16e16888e567be9f507702c93ba6034bbf2a4c3916a0f03fef029df9b3270fef3c74f70b4ab17dbd44d2d08c53a328b603477d29a58c733031ca535777dff615cc73c2d178a84899518cd034d2986f3c2b6ddbcb06d0f2953a469b47888cda9677ada84a0e60238dffac163f86168328b8d1a932d52245346449d294a43acd04a81ae672f090d5222a44058728c2ba1b501d18c01a754ae70ff4f9e259332c162a306828c2541808e145139202efbc49590b81a120711440970b4aa5b364220a5045b205d1b2b6563655cec8c8b957511f5d8a656ba0e29a32901e791e75ee6e0d12ed3afd8a8012823109640478a60a042d85f261caaa16a213ad6c75d297d8a6b9548e9187c10e58050d7412425966763e73d9cd62c4e731ae95aa074021f039cc9e9bb0f3d610290460d011a558ba81d2ee2f796882bc1487e7e9242243408b0a485635958968d65594891b85b5a2962a588e388288e89e318a54168057e485c0bf1bb4b48cfc66dcbe22d2b60e7dc450f9e4901a7776088c79e7f9974cac46ec6950a212a435c81a892fcaae3534c6a4dd26c5e2b50f517d808278b70d2482f8774b308690a62671634202c0b550ba91c1822e82aa2c218a4a8d77c691cdba1904e93cfe6c9a4d378ae8763db482913176af475d41aa5145114e1073e955a8d62b944b952c60fc3e44a8731b52343f8c78671966449af6a49c013eb2995102c2ae03cfaeccb74f50e50c899cce23a612018845a0f04fd109640f90964c6b3c1477d6564a085a5476e5c4d5cd544312825d1c243a69ab0b36dd8d97664aa795a3f6914c728ad9327f4228dd168a5a91d1ea07a78101524a08985c61682965c81252dade473795cc7410a915c973a1446e072b2a494b8ae4bcaf3682a34b19c65846148a952a67f7080c1e121021d213504dd25c2be0a5e479ef49a16a463a123d5786b5def2618a9687ac0b9ffd1674ea1fca254380cd5a350eb4c20a3559d20160899bc26f3d4052c1b465228b5d2c45148583b865f3c8a2f2cac7433766105766125d2993cf0c338422935a91fad6136806d11156b94f7f4120d55c192c442e348497beb52962d6923934e43bd2195528ab3c5c08895128fb2562ccba2a5d04c6b5333b5c0a7b7bf8feebe3e6a410d0b41edc810617f85cc8636dc251974ac1aee544b29451caba9036760b8c8935bb72deea370bf1b4afbc1ef011581b04ebca62b3df60961bb16b66ba114847e4ce80f50ebec45f6eec0ce2dc769dd88956e31f03f0b17aad63944656f2f5a69b4959c752f5dd2c6caa51da4d3e90937c7942fe5a82c5bc77658b57c254bdb96d2d5d34d674f17b150e047145fed24bdb289ccba2549707a11c476ce1a384fbdb483ce9e01f28b715678d00fc33b13e06840da206739cbba7eef49015edac2f52c824011fa31c1c001a2e1c3d88595b8ed9b916edec0e554bb1e21a0bcbb87dad121b004318a6c2ac3da95ab69ce371d8fbfccea65d49a288ab0a464f58a952c696ee1c0d1c30c0c0f614949f5f020513920b77919b2eef619e0003f7aea85c517e4523e0c6d87caa1c46d9236e7e4802e49fbc04b491c4710d42461a808070f12953a715bcfc36d3b7f662cad46608d14680dc5ed5d043d25b0254a293ada96b266c52a2ccb228a27071a81205211411c1eff6fcf71cffac476043ca9548acd1b37d1d9ddc5a1cea3684b100e5419deda49e1c265c89493b8588b19387e10f2f88bdb48798ba876aa760c065f86a8945833621e9c1869905290ca5a58bec4f7055a69fcee57888a9da4965f8e4cb72e6edac824d85bdcd645d85f013b095aad5fbd868ef665c4f523ecc92a5211cbf2ed9cd7b601ad159152bcd0f93261144e6aa4f548e079e5b2e564d319761fd847a823e2b2cfd02b9d142e5e8e95b24fe4012d46e06cdf778803478ee1388be19856c3d03628ed062448775efe888e27b06c8b5a5511472e716d90cafe47f0965d82d3ba71f1ba5140714737617f056d811482f3d66da0a5a9795aee53a042d6b5ace15d97bc2d0187566cebd9891ff9584cdeb20ca38842bec0859b2e60c7deddd4021faa21c5578f51b864797282d580eed5599d593cf1c2ab546b7ee327fca910fa9e82e2ce7a30781e1fe96890962093b5705c71dc02ab753e8fdff9c2a24ca7175252dedb9bb85196400ac905eb374d1b36231add6ea116f9d35ee2388e497b292edc741e69cf43094d5c0e286def4e60d380290c67b5a31e7fe1d5c69fca1057a1f771a81eab5b350be062d76ff854c6c2f5241a81b05c82beddd40e3f81568ba7078eb025b5ce416a47878fbb51e7addb4053a130eb81e169dd762ac6735c2ed8b009cf71d1168443552a7bfb10d62204ce70a9cc2bbbf637f690bba892c0261898fdd3a759028f9796789e446b10b64b387c84daa127d02a6c7cd85882a8e853d9d79f942c28c5ba556b682934cf2a6c6215a3b49a760a4dac14292fc579eb362423762c41edd8307e57f17811e8a201ce2bbb0fd0d53f886535e80948ec43ff93101617266c4641c74dcbc4d2d1202c97a8748cdae1a7eae18dc6cdf8d32a39fed64a13294547fb5296b5b54ffa246adcf7d61a3ff2a986356275c2a512080a5e8e949d225611d5b04a2df2517a6a274c711c53c8e659bb727592a069092a7bfb50d520c98d68109dd14f7aeed5dd044148ba1113fe740cfdcf4030bcb0617392a5a3b5260c74029d6227bafb15b0530d191310b6a47a6880a858434b41369d61cdf255533a891abb949a5ae89371525cb6fc622e5c7a1e9bda361cff7eda49f17b37fd2a7e14d05719e058a99b9dbd7bd9d1bd9bc15a91b4e34d3ae619c6114b97b4315c2ad2dbdf878c35e5fd7de43777a01b2415f98cc079f6951dd856833e1d075f02bfb73160330a3aa9b4858a63e2b80e9dfe3d4496db78c5a052a0aa21b5c3430829d142b36ee56aa425a7059c913aa01bd65ecd1b37dd4c477ee9b87fceb33d3cdba390cab3be750d37acb99ac1ea304f1e7a8e1fee7994288e2675640ec9b1f99ae5ab182e1589a288a0b74c3850c169c934447ece694952aed6d8b9ef7063f62e2eef83f281b9858d56c949980a4f2af09ce9c73ea4b2d60983465ae8d231d08d955026a4a07a640815c6c45ab1b4b58da65c619ab0899142f04b57bd975fb8e25d13c2662235a70bdcbae1066c614dc92ad15ae3792eab3a5610d77376aa87061a26e9f6b48fbc839ddd1ceb1b68bcc90ce1100cbd0a622e611383d70699d5891912f443f9e0ec6407277da0f0d216b54a3cb23b1b0e367125c4ef2e822570a4c58aa51d538ea18cb851b156fcf255efe5b215979cf2fd81ea209dc56e06ab43584292f372b4a69b69cbb68e19bff3e4c1e718a80e9171a75606144711edadad74f7f650ae5608876a84fd15dc25d9056fe59c1638db761fa05ca936563b0aad61702ba838295598cb7fd7c94166d50933a4b47ff6ca113438ae200a0534e2e9b814f85dc3e8282616d0d1be9494979a56a0b81afabc71d34da7c066d82ff2ad57eee3e563dba98655143a693182c4b16c5a33cd6c5ab281ebd65cc9fa96d53c7b642bb6654fe7d2218564f9d265ecdabf172192532b77c9c2df87a75d959777ef6fbc5ed09583f5b8cd3908828f7efacea64b353ace90b650e5066bea2d4087317e6f19a4c49682f6d6b671fbd59c75ec442b9abc3c6fdc74cb98af978232fffc93cf7360f03019278d677ba75845bde5018e0e3fce53879e6353db7a8e15bba63d7050c5312d4dcd64d219aab52ae16095a8e46367dd059d817c5a3b7bc7be43388d741cae827a16f17c099eea597f7b29c1766563f1464ac2c12aaa1aa2b4a2b9d0443a959a963b15c421172cdd482135b6f2fe815d3fe6c0e061726e36c99139857d025b5a649c3402c1f6ee5dc43a9e76daa82669eed5deda9a3401539aa0b7945cd0856c984ef48d72a5c6fe235d8d553f55da97b4009deb78868eeb816235f6318d18f5bd687600a4014f36522a470288bef2f1df2f696e99f6d229add8d0ba76ccd72215b1ad6b1729fbece6af0921702d77c64a809452b4149a9387be8460a0828ee3057ddd26a44957ff003d8d94f0a702a81c985beb46c7f5604a0be4db20bde2c4f7d22bc06d4a60130e276e5ed0077138f3b12509563d217026dc9913651fe7c0551b19e552f44182e7b8e4b3b969593723964ace1d1b2309e3885a74ee6a0893132b8f5c26cb60a9089590b812ce8e5b75f2a0bf593a159bf0cede73f028959a4f36dd20f3a72a4720aacedd31b80ac16d86c266482d1b070236c8a67aa0a50d721b12ebabbc3fb1c466d20ad3c074eb728448260e440aad55b245a540489964c2ced1b1ad1082b05c23f623149a5c368be338d34ef41b3138c7c4bf6c979c9765b0363ca58af01979560841215f60a0380c1aa2e11a76de8399028e483a20ea589fb09e44e2b61e1ff03783d77642e01c38da45b4c0cdb7313bae7268ee5c2915426625b45c3e398bcace82db0a7acffc39c6168082b81610f9e1c888098e8fa59412db73b052cef12fcdf20e242a0509fc04e4b3f919bb454a7ef9a47f4a72ddeaabd8d3f70d5cebdce4a2299d4075a4f97d54ac014d33061b1546c4b51015c5c7a78a6a344208a46d61a7eb43fd66083aa7b5701aa6c3bf3f90e4decc45473c1d25164bcb9563a1a182a4f17a3094fc19612527654e1378ad60d57336cafbe74fa1ba10102b82522d79fad567328df56f3451d5270e23dc6c0a2c39bbd68e86b8e283489efe99747a4692e28410ece9dbcf2debaf1ff3f59bd75fcbc1a1c33cb6ef29d24e0a4bceada5a3b526e57938b64318262e1533d19c4b08e2aa4f540d4e5cebfab51d7121551811843176c64b1e2833b0ce1302e7d0b11eac4699d050ebac4f5698ed9b450316345f3216367e2ff43f97cca9a27e61475f3ccb835407a496266367e6c9299a568ab0544d92cd4ef7f011021dc504e51a4e2e3dbb255b5a1357930a78dbb292960e33b0115ccb615bf72efa2a032cc9b48cb1723e70c5bb59915fc6fdbb7e4cb15622e578e39e58cd16706ccbc6755dc230200e6354144fcfea1082b816105682648efa69dd2d08cbb56428a0377de88cbb6a6114d1d53bd0180163ad930d3f27d64d0ca9f6c46a19515c4b60a36a894533d2ae543a275e3a4eb28efb9f65de24cc08415c0dce0c9b93a01357fdd92b1215a063850e6334e0380eb66dcf0870a49054c22adf79f5fbe37eff0d9b6ee68f6ffd4d5ebfe9265ccba51256c79dbb342b5ea49478ae9bdc19914285f1d4977824e87e26d88cfe2b5210557c98812ce77181d337384c4fff6063146d46a56476d45c3c91b406affd54eb2aae9cc16a11f506edf307f03a56c44134397808411c44b3987e2f92e066a4d0244ffe999c9396b23d9e39fc22f76c7b60dcef2fc9b4f2ee2d3fcd475efb5bdc71d19b69cbb4520d6b84f1ec8247008e6d9f98d81aaa69b8dd82c80f26ff60d33a89e14df36132ee2e2896ab546a7e630cbd0b07130b624edc1401d649a77a51dd8d5a4812021d4568ad275ded8cd6a8289e11f37bbc8da7943a6ed1d89635e347d629c7e3be1d0f520e2afcccc56fc1b34fcd486f493771dbf9afe5751b5fc3f347b7f2c3dd8f7268e828297bf65c2ddbb6934faa353a8a9972847eccdf9fdcea2781e55988e11cebeda7e607a453dec2074e3038776eca3847ab5819165a5d810054aca6be95633d3b0756f53cc991b19842ca1967b9409076d23cbcef71f60f1ce4f60b6fe3a265e74f18f7b96ef5955cb9620b3fdef738dfdff1107e1ce059ee8c7f76392a583dad1c1ca5ebfd92a7b0f64a4ffbaaca8980d33047e25171ee8e98b54e3a088e567a79021dbd78fa0b236613b07a9421367b9663c649d339dcc5a79ef8229f7ee28b6cebde757ccef8c9722c87376eba85df7ecd8759965b4a2df267fc138b995cbd7368704f18c3518d30a242c749d076ae56588824403dc6c249c192ab41a692a3f10560ede8e96ee659048110e2f8e5d46a7667723b968367bbbcdcb5834f3efe79fef6e14ff2f0be2728079571fffc9ae695fcf66b3ec4f2c232822898518b538fcaa416d3a85349964f9cb3cb3a2e7006864a8df1a45541f29aab7c226141ad2bc9f919637bb7c2d29b21bb36d9202a9ce7e0d1f5e6dd535b37695bb3d21233e9d52c8e6fb8285673d27a3355efec7778a893afbdf82dfed743ffc4f7773e34ae2553f072fcf255efc3b5dd69975b8c31d4e3f8f82715d389ad8e6410ebc9078d85654d7b2f8dfb9377f70d3446c0584575a77fae6c4891e4fb0cbc78aa0b65a5a1e58a043cb9f54910fb9482cef963e2485b226d39392e6a8db4ed7a8ec82cfd6056524a2110447134a79df01ccb21e3a4290525bef5ca7d7cfce14fb3b7ffe0297f6e45a1835bd65f8f3f83564e1885498850088433bde44ae9d953ba3c9637fd8397095caa6263000735f703e1849504aa7b9fac27fa9d7cd716a0f952587a2b345d94b85cf3d1e21160a7dd49ff253be3cede67d1202c897492006a1485c4713cabb19c71379eb4c8b959ba8addfcf34f3ec7aedebda7fc991bd65e4dda49cd081095d604417ddc8f25108e35f5db5a6b2cc7c672ecb3df1b5a235d073999bf3319e0d4fca0e1da19cca9a49d547ef73c0ad5c313dcb529c89f074b6f81c20527624ef3c8ca118e8d9df1929b4c9f21e8a33576d69b45ebe644fc427ac91171184504939ced3d73cba3f16c975045fcdb0bdfa41256c77cbf3dbb848efcb26927070a2150718c1f060804d2b190d3ad6d12e0d4afd51981a835d2b171b2ee8c3cbce5a9efafa9fafeb40253f36ad79c330bc1863848b2877b1e4beaa8c6739fa49b5494b7dd583fcd9a4fd0d1582907279f4ea6406a9ddca027bd842570f2e959c9bd196fb358191774929353ad55cf097046e45a0ec78a3dbcd8f9ea29df6bcfb6124fb76d8610f8614010262e954c39085b4e7f5b08819b4b637bce8900d9a8d70888ac948b934bcd5858e214a72c08234a956a83146e9ee3cf2064c2f4a00ffafa12772abb3ae96b2c4fca71725ba0ed7ae8fd4972b2365fb28eeb4f38b7601187515256503fc1143231ef2dc73eb53e6c169f2176ce4bc26540a95ca6bda5eddc1ab4427064e82870d598af67dcccb4d7440841b95a45c531528be39f7dc6dce66c0acb8b936b1ba9e35f1756725d852d67b73d451046f841d8d0931acf89b52348ca2c06b74271771238ce6d1a9b23646793c072efe3cc6cf6c5f4a10360b90e62d4c8673dfafb73152b531a2b9bb44c90714cb15c1a3311f35c69bc1c9d300e66e4120e97864f00a2909a59c35d6b842db1eb5d0dc7266ccefc753d852a511c114671630c691423f549f3a52052262e940a933135bd8f9d1a58f6da92ca713d0f132feba6b63ed9b59ad31f4163a56cecac8bd050add5a854abe7f4904369c5b271e657f59607a655ea2084208c22868ba5a43f8d6b6367bd24ff68a6230fa35da9e3af59b0064fa1721813c5f1396bab38b39fce99470dd3c7018fdf0f7d4f27c7f7636cf195d078f3326670fd046e6be6781c676068704642005a6b6a913fa9406f1847b4a49bb962c5c563ad12bf48e77017f634dac54a2929968af8818f50e034a5909eb5a06f8d532d1c15a3e29846e00dd2497acdccd78993d249a053392997c3c9d787f419e84ce45639ad59842d1142d0373430ed521ca515392fcb7bb6bc9df6cc122a41153f0a264cded3247042c0fb2ebb9d8237b6f3e00b475f61d82f4ebb98b377a0efc46db124b7e06f8953f0ab954635cc7d2e9284bb6070fe02545a4939446ec3a8af798965a6430397f136bbd2586907a7394dd057a65aab313034485beb9229f7360ea2804d2bd673eb861bb87ecd553c7f742bcf1e7989438347290715948ec7ec75573a6c6c5dcbed17ddc6c625ebc6bc5739acf2e0ee47a7359b4a4a49b95266707818292456dac66d49cfbc3b75ae81a3ea7e5cc3a4e1b84dc991f47c86e2c9f11aad8c7573164a751408faca4821e8ece9a2b5b9651a5e9ae4aa95970249f3f4ebd75cc5f56bae62a836ccd1e12efaab03c77b1e37a50aac2874b0a679e5b8eff5ef2f7e8bde721f6967ea0308a4101cebed412985d4026f591e61cb1327490d63e18c3a836f0839cdcceb08b88ec1ce8dfd5a5c4d02cbe6a4f034cba6709ad3d84d69a2e11aa54a99de813e962d699fb47b15ab98d64c33e7b5ad3fe57b4da9024da9c259c773fe63eb7778f6f08ba49df4d4612325c57299be817ea49448dbc25b5a40c70b7f5fcaf1c82a84689ce7abdb94b828730951ad4f0d044f041be124459da3e5f7cdcf53aa79671c0ad2ab9a9304456171a4ebd894328fa5b428f965ee7cea2bece8d93da51f6557ef3e3ef1d89d3cbaffe969c1a66ef372f8d891247e146b52cb0b48cf9efb329db9b0708414c846aa6b905e321faad6c51946a9cf0068ea131b0a9ba1b80b6a3d75a88893d8ae93af4b271925e314c6ba5395c3f3aadde87cb672dc960cee922c415f999aef73b8f3281b56af239a44db4f5187d7b6ee9d6cefd9cddae6555cbcec7c36b5ada72dd34a53aa700ac49456f496fbd93f7088e78e6c657bcf2e9456649dd4b41ed6b665d3d5dbcdc0f0309690581987d48aa6596cdb7a8e81234512f96fa81042aa03aac7663f70ac75f26fb9adb0e4ba64a266ad2bb158e2da8971bed24dfe4c6e1dd827cd552aed4eda5b48c710e52cd73cb3b69570a88aada0abaf87a67c8125cd2d9376adbc7af2dbc1c1c3eced3f802d2db26e86bc97c3b51cde77e91dac6a4ea6a7eeead9cb279ffc22511c2185c4b55d6ca6b76d2c29a9d42a1c3c7a249998a2349975ad0d11bb991038b66535ce78dfe3c059563f1e9fcd56153af93732ab46c58f0ac92b7f5ef27d553f7592135461570ec1f08e991ff5dbc8bc511a2beb915ed34a654f2fd292ec3b7c904c2a4dca4b4d290bd9b19ce3274cb5c8a71c2647e4a5f0449266108744713cadc0f058ef50102bc59e03fb89548c54e075e471dbb20d039b7163388e63e158724e1a1bcd99ac5432f369b6c77a689de4d4a8707cc35dbae3c3464749e6f1c00bf540b129d59f9c271b935ed184db9685581346113bf7ef3d6e7d4c6b830889236d5ccb19f35e428819ab374cde4bb2f7d0018a9512520bacac4376fd928608149f1638b66527232974831dcb66d6cef246aecfc41d7c05ba1f86a197c1efaef73856e305201297abb82bf9f3c55db3079bb918c17bce3d2b4df6bc76acac8bd450ae56d8b97f2f1a35af0b91851058d262ff9183f4f6f7614b0b610972e72f9bf1c2c979e952798e4d3ae54daf33fc7c94b724195257eb9945974524b197b80ac53d50da9b04adad5412046eba2409604302a4f28191be99b31bb3d124b38c1a594a236d8bfce6650c6d3d8a1529868ac36cdfbb87f3d76dc0b22cd43493e6469729d83330f277c4b2d977f8009d3dddd896050a729b9762e7bd8672a54ee352d96433a9093bd42f68e537cd8db722e4893a2e1d4158845a37a8513d70471aaa4b6776f36d041069a250231adc53d3b1c2caba142eec4048812564029d3dbb08c2705ab149292447863bd93f7088fd0387385aec9a96e534526cbaebc05e3abbbbb0a5442b4de6bc76dcf65c43c2665c0b07c073ddc6048ed75e3fb1ea9cc353a0fa2c71619fe42e89398bd528bfc1ad9b31f11c85dd94227f7107c557bbb0622855cabcba6b3b1bd6aca3b9d0441cc7930e19d8d2e29b5bef45d5dd6321e4944b176cdba65aabb2e7c07e86cba5ba65a3c96d6ac75b9e47878d9b8335eea3359bf21a2f8633a2c28575976a11940e080803451c35be757332749ca634852d2bb03c1ba9054118b27def2e0e1d3d0230256b474a8925ede43505ab544a89655974f7f5f2cace1d142ba5fafb08729b3bf0963735bceb3beeaab5b7364fdbdf9db772f2903f7f8293a439a6c16c6f3c057e6df15837a7583a5997c29615382d6944ac11080e1d3bcaabbb7630541cc6b6ac49f7d1998a5d2a85c4b612ab66e7beddec3eb08f58c54825b05236852d2b70dbb3f511bc8dad715daaa58d0c1c80fcc624a6e2f7cd5dce8bb460f81528ee48fe3baace6e36b100bf122775a0160d77da71b6311de95a142e5e4ee5e000d5c3835848cad50adbf6eca2b5a999e54b9791cf26b56ca3e796cf842c9924d1566a358ef576d3d3df8b8a5562d5c41a6f699eecc6254933f368713c18c6dd6dcd851c8d6d83cba4a4a0e7912437674e8a240584e551ff398b311c01414d118e048a954ac02a165f7ecfc81cedccba25b82d19cafbfa88866b0829e81f1c60606890422e4ffb92369af2795cdb491ae02935e938e6486e8e1082288e192c15e9edef63606890288eb184446ab05236e975ad78edb964d677bc78ac507b7c97aa69da0953f3ff936713e8f43dcd9cf50f9e8b351510471adf57095f748c7072c8c24ae87b6a71e614ea2439d02ea4286c5981df354cf5c810ba12222cc150a9c860719894eb52c81768cae5c9a633b8ae8394f6f191497a02a758d7ada3200ca9562b0c954a0c1587a9fab5a409bd90585a206c416a550be915cd0877f1583567044e47fb125c6711140fa63aa0794b322953da2cf8dd28208e35d54a9c7c12ad0081bdea1aacea205ac5896bb748a5630502522b9a70db7304dd256ac786a1120082300ce9e9eba5a7af17cbb2f05c17cff5f05c17d771b02d3b192e209259df71ac08c3103ff0a9053e7e101045119aa4eb82d4801648cfc25b9a27d55140a61c74ac16256c26b6705a9a48791eb1520d322ee634caae4b726286b62d6ce888c473aa55e224975027f188f4aa6b20d58c2ef7603462ed288494a45636e175e409876a043d25c2a12af851bd985f51ad260dda475b37a3ad9a11cb58d4ff5f00528b24ffd3b6b0f31e6e5b0ea72583742d74ac17456078d2c0296433e43369fa878b486b113c11f3e727bf2e54e808504a532d8d820d9af4caabb10bab0c64c6058f46470936dc960c6e6b061dc444259f70a84a54f251b5083532876bdc2906095cb004d2b6b03c1b2bebe134a5b0f3a9a4874d3d1eb4582d9ab3024e4b739ea56dcd74f70f2649498b41f9f39364c0c197eb37925c30b089234dad12a314a02384e5905e790d76aec3dce167eb6a015812a72583d39a391ecc55419cbcc228c991d175cb4688a489bb6325e3775d1be94890496b17bdc882c1d3028e14828eb6565edcbe7771ad46767dd2747de04550b5fae484f90d9b28d0d4aa75335d05585e13a955d72053cde6ee9e8ad533ba3a5b0aacb48395714e58337a82bf57870ccaf4a29e347000d6aee8987207fc05ad5407b4e79356117e4fbd0442cc3bd0a0c1afc604be0614a818a7690ddef2cb11966beeec998af71c3f1a37209955e06c58b57cf12eb19d85b61ba1b42b691ba1c2f9d3816fe4d8bba68843053a443a19dc8e8b705ad6993bda68610267fdea0e5cdb9e5723aee776638b24ae93ea80e1ed498b523877ddf84472ca1dd414a11fa3548494164ecb46dcb6cd88b369dc6dfa7a19cda5153e19e0ac5bb18c5c364d18468d9f04783a390558726d520a51dc0d415f726221add9dfc1e2788880d05704b518154548cbc26d5a85b3e47cacf4d9cd62729585a5e5a27d7e18cdad2c2db1b53c7be0b4b534b1a27d097b0e1dc595663e12a9a5c9cbef85f2fea491970aeaad2766183ef5b752b126f463423f422b857033b84bd6e0b4acc79a6450585723c2ae12cefa25e8c08ca0319abd87a4b02da243c3304e5b940981e3b90eeb572d67fbbe43b88e9920706261da92575c49ac9eda310886eaad44f5899130c71326c5d99b9e5a11c79a388c890245ac04c24e61e597e1149663659721ea9305267d1f484175471f966de32ecf23a4307150a39977fb634d6ddf00d1dee1a445ead90207e0a28d6bb9e7478f9b851cd766cc2459cad975c9117a3004c1008425884a89f5a3a37a79c158d28f1c7c68add14aa094406981d2364ab848378f9dcfe365962053cd086bfac05fdad24ed6cd507ae918eec16164da4c86309a79a9724875b0ccf225cb68c9354f12389bd624f3718c4e2f9982542a194793a024018e0a926a741d3326faae478d54d602216c6ccb465a1ec29e9d23ed966c33b75ffb163e7dffe7691a1658c372960c9c7ababf091435a492340131a1b11ee9987254e5dd37de4eda4d4d0e38176e5c4b219b4dc66d18f04cceb6945ef29ae0c29c8bfdf8a137fe3c1acdb79eba978a5f49aa7f66fa07d1f549046791a19e54611b322d883b5a4014c7c44a33fe1412d0680a993cbff653bfc87b6ebc63dcf7392d703ada5a59d5d1c6ae0347f05c039c05ef054a8b5fffa95fe25dd7bf9d63835da3f037b337e6e0c020dffee6b7125b474c88641eded1cd5035c432b7d6bc57d50fb876cbc5fcd97f797f1d2ea7124708c1cad6e534679b267c9fd302c7756c2edcb89657761fc0734de0b851d45668a5add03a6bef3f9819e021b275b09cc6fc2ef7e39763e3b62f000d176b5cbde9322e5ebd795aef73c6c8e1b55b2ee0ebdffb915971a3b3961f05c423d30d4e031c21354226bf1acd6fb9aec5955b364dfb7dcef868b9fcc24d64d20d3cc5c1c8c8e8b48ae398b69602176f5c3bfbc0396fed0a5675b413462659ccc868515aac61c4f9eb56d1deda3cfbc0f15c972b366fc20f02b3f246468b50611871dda517cec87b9d55b4ee35575e8c327d3e8c8c16a51cdbe686cb2f9a3be05cbde5029af2d9c61cff6b646434b17513c5ac58ba842de7af9f3be0ac5bb18c0bd6afc60f4273058c8c1691fc20e0ca8b3691cf66e60e38524a6ebe6a0b81018e91d1a2521c2b5e7bdde533f67e679d7175eb3597e23aa6e0cfc868b14829454b213f63f19b4901e7d2cd1b58bf6a394118992b6164b40854f3432ebd603dab3bdae71e3829d7e5a6abb750f37d73258c8c16818228e48d375e8998c1d2ff4915b1dc76e355588b7854ac91d1a271a7b4a690cbf2baebae98d1f79d1470aede7201eb57771046c6ad32326a6c772ae0b20b36b069f58a73079c4ccae30dd75f41b566dc2a23a34695008230e4adb75e37e3ed8a267decf4d65bafe37377df67ae8ad1a2dd8c91129483c63db18d554c36b78c37ddf2da197fef49afda95179ec7851bd6b263df21d323c768825d69a3ea23424ed79e2256824809f43ce8fa270029cffc9304b1249f0af9c0d5fb5896af816ebc8e855114d3d1d6c2ea818f416f0c58d07c0574bc63ee8163db166f7fddf5bcb87d8f014ea34b8710162769560b44d44fca4edcee894e380490f742a238c492e77ed36a2d18a826f773ca56e3f67b565ae0588a3bdffd34d76e3a0651fd00454df00917729f1fa560d7c3f5d67e3a993e7be1c760d31fcf2d7000defeba1bf8c72f7f1ba514529a9eb40da963df819dff03a2412615ea13d0a6e0b7af3c739cefc35bd4bca8cf13223154b6f767f9bfefbd8cfdfd595cfb548ad422c90d6bfab8766d0f94527508c1e1c3e9642ee2c847111a150b56afae2eec8ecda34712c53538f275d8f0bb13f6ea9e35e0ac5db18c9bafba84ef3df214b94cda6cce4653ed086cfdaf10f683954e76d24463b6d4a95b4a0239e7cc90cab9f36b3bb66f2af1d76f79919ffdca6b26b48252b63ac58d8a2391b0469d58001537d88358c8e43ed01130c7c00178df5b5fcbbd0f3f65366723aab20fa201b0f320a056930c0d39589646eb242aa3005b6a5adbfc71a173563368e69bc7517558db5aa6900aa886369618af55b81ed74212a34771081a774cce342dd22903e7d66b2e65f386d5ec3d7414cf75cd266da87b2a798a8b514ff072c9c172344a25164c8cc6b354c34d79514a4cfa2329251202ab93bed690b0991e70a6dc2edf751cde7ddbcd547dd309b0e1ee2b158d799209919ce048a1935feb2fd170c3160496d089657396fb4a08685d12d0d2e2d3d21a24af9680d6d6c04cdc9a49e000bcfbb65b59b6a495385666251b6ce39decfa689530e8e4975929686e09686a0a696a0e92575348738b7910cf387096b636f3f6d75d4fa952352bd9c83789a549656252a998746ae45785e7a9f9178739073c4689f15f0df7b9a79f3335ed74c95fb8fd8dfcfbbd3f42698d3403a51bc5a91af3db544ab17c796d820046a39dc69c06bc525329d9a88a44a654634265425268fafb25f940329db658d306ce851bd6f0a61bafe4db3ffcc98cb521343ab78a63075b880919d4b8a69c268a25612cc73d6592026a81cdde579a28ac08b0ed45124a10501eb0e82b65d9e24caf5bc48c14847cf83d6fe53f7ffc245aeb19ed9d61746e542eb9948fa659b95eb398229f4a097a0f64263c6172a4626f39cb0bddcd5c521d2650f5f20da1f1638b5ad898ad5bb4d6a8b0c6fab7bc0fcbf1a6f55e33029cab2e3e9fd75e7b190f3ef1bc49046c00794ded6cdbd74c5f5f849bb2ead68d98a4992366e48fcca9811368f676e708b4448e93832385c657928f6ddbcc9b9777d2e286682da845166b5bcadcb4be07a944c319835a2b724d92a5cd0fc2330f26f781069aae840dbf93e46bcd2570007ef3fd77f0d0932fa0c11c072e70a5db37b0e6b6dfe7d003ff40a9e4817440f9670f11adcf6a34f47cda9852682ab1cde7f7ad65a0e6d2ec0538f2d4343f572a86429b2fec5b9714a06a41ca8ef9d6eb1e61c38aa113f555236b2126f8940b2dfea33574df9f1c578ea8f36ef03b61cb3fcd3d70aebfec425e7bdde5fc701c2b474ce1f968746eb5f296dfa0edd23b088f3e0007fe0182220879da0c5aadeb75494a13ab338f868e633d6fee0a29a03772f8bf2f7e893dbd393efed0450c565c6c4b9d02494b687276d284ae1a5a5cbea29fcb960f40cd3ee9f3094a650b29399e9d2dea1b229f8b16d88610609d14a3951ef43e0071b55e023387c001f8ed5f78073f7eea4513cb6914d72a9fc6ebfb5b90fb209b3ac92c19e7112216b64bd58c0f4273ed866e9adc985fffc63558963ae38f29c6b358048491a0b73785632b241028811409b0f28510167abdd5083d757cd67f65468173ed96cdbcf9e66bf9ee8f1ea790cd188b66a16b781b1477835d48caa22dcd40bf47b56ca125089d0495552cc864e3a4ae6a416fa2facf5e115cb16280a654801f5908a1a7fc76c7b3b21148345230f5f79b87eba5b5663251ab194f4eff9d0fbc03cf7589cd2cf2069006618db164944a6aaba2935e712355474f328bfa741bceec825906ce25e7ade73db7dd42b15c31abbbc0a5a270dc2d33521d7df2ab7124ea15df7a5ac01024ee93a8bf97acbf1673b461561ab3feee2fbe937b1f798a6acd47345e85df2232704e4d6cd35aa09440a1113ad9984a095357358e69e3ba8a95abaa630133728c1b2f4eeacc0a0d562e6be3c3ef7e0bc5b2a9b16ab44d94c944343507343785348f2a54cc66a245eb3fa83a78c7b3706c5b6359a35ef5ff6ea05b023d89beceb3d67afe57dff336befde04fd875e028e43cb3591b626709329918b2e3cc25d36271d5168d3cb1a5262cdbf8830e5e73b488d6206921d0d395a225129c6d7bf359034e369de2231f7e1fbff8dffe8fd9a80b952f78a716e46a1a7252c158d34483023d0e3cd4499f5d23a884163b5f29d0b42cc0735583b99762c22f0f0f44148366da9db31fa630abc375de7cf3b5bce5966b79faf9ad66f72e4095cb367eb7cbd2d56a547943834b24c988bd47d3c4b1389eb41ac4123f9264dd684c4cc69331072a197e7cac8d6bab03f8b1d5409ea500554b12fb4e31701442c0c6777c0069bbf30338007ff15f7e815ffc83bf248e63843401e485243bddcaab3b9a191cd2b81e8b2246a3055015ec3f9a234222d004b16449d6e7bfbde1152e5e365c9ffe228edb38b11648a04d8504816c1c2eab0096dd012d37252383c6b8539a4cc7669a36dc38b97b6ab67fe64d6b56f0dbbff00e5e78e211b2e994d9c5f355519151c9f7895bbc6429cbae7927471eff26c874436ca47aa917b65464dc78dceffb4a72d79195044a92b262c258f297b76de5ad971e849a3bca123ae96f369aaba902483d06d7fd2f104d33f3109b8b9ffbf5d75dc1f6e79e30250ff3d26fda0d2fff1e9477250545a32f8f906c68b369bfbe4ae0d71a0738b6e21b2faee13fb7ae24e58c0d804b3487aa190e57d2a4ac18a505f954c896654350754149c2501086f278c670522725b0a5c66da82e881e0cef83be67a0ed0d0b0738511c9b8d3d2ffd0705affe21747f0fbc66fc9a248c46369218319e497916f9a6b8713692d4bcfbfa837c7aeb463a075238271d53db42251329ea9f5f8ee41cd5ff6ea9e832386463c9e450cad210c4827c2662e98a5a63e5d888c9d54acd0be018cd53c5a5c4c2719ac0b229963d8ac30ec2d2c783a5512cc8e742da3be2c6d948b1a035e37351db303dc51469eb341b4a27f3b75ca1c6ecc113d9c322996aa11b73169556312aa86119e018cdc4cd940cd514c737929420a446d49bfd09d9a043ddf4e4e64f2de640809e41d3764e8f8d4cfc669edd4871888e421667718fc6b3e2a9e5cce8910c5b8ebb99a6b2631e593823dddf4cd07821f8eca37eadbb09e68a8d62722cc81742d2d9d1f938c908644bea06cd349e399cda737bd1ccad3b6fa504cd4d21854274ca0d26258bb26c6104bc512cf0e313f935969dd4448dbb291bccd41152a099b9741613c3318ed5f15f2c5b33619e6ca3f90c67d95223099c4b3a0fa759d95a06472f1eff4968ba3b53d8c514ad063846d3366ab403c23d31a160d16ca4e4ffca35fb8cddf784d084480e1dc9d2aa42744a2f1a1733f005033db0e54dcb8d85633413c0b1397c30c7da151acb595c61cfc123294a25873355db08205282af1e5acdb2548d8c8c99a8cbb1002aa195b46b100b1b4c1a20aeb1f286dbc9b5b542d033c19f92e0b619e0189d594e3a4db1d2c1f38f1f24d79a3d0b1367243b67011b3742130792e12187ae9a47a404fec987b5f560b92d930e7d692be6c9be56feaff265accc5427e8ffa2a984363f7de1117efeeafd586afa73b8cf35711c47936df93e3c76cfc43d57b586cc5ab8e41f207fc9fc008e36ede0e6e7e69336ebdffa11767efdf7e9ebea43486b62d058d9a4b6462ffcf1b62957f164a50527add89c1d1ef7e36a0dc786d394029b8c1393b2627a039763b5f103a89112b4e77cdeff9a03b4a6c31341763191f9b040cc9c6ad7997fe0befdf0ca1fc175f780b0e787857336c9434208739235c72a6cb881cb7ff7fbf8030727868db0e0f0e7e1e0e740ba13075b17483c553ab0c91ae2d7e5eef16d10a1d1680e14d37ce43b57f2dc9116d24e8c2d34f60459c95565b1b1b5c892b40ff591bff138ad5735c9d03d6ba1344e10679163ec3441650f44e5e4f7f3c2a5d267864d18864451642830c7b2d305ecf469cce1f018bcfa6f505020235424516aaca3a5014b6a84bd30a8933ee3cf28b8606991bf7cd3567ee65f6f3e3ee4efb420139ca818b734437d2ec365075bea3ac4208e24857c486bbbdf403557f5b9153a3ea313396f6238524a4aa512070e1ce0e28b2f3614984f2aee86602899ae28a0bfd7a554b5b0844623904213c482d64248735bd038393bbec5cabc4fde0b2907369638dd3818812bd5296d2b46b291f502f3a6262b1587c8b398b63a2786ddd9c670a4947cfffbdfa7a7a7c76cf279e5834c148c5804d2735cffd3e8d6f4bcfa616c9b8181013ef399cf70f5d557d3d1d181345d02cfed930b8b5c693bebc568e769b148245333e5d4ca17b54e06072a44ddd3d28b7ea4cebc3b16771c07dff779e8a1874c00791e28885d2e68ddc787afb49386808ccca6aaa7bd275150b4994d35d60654825c3ec64d2b24faf837b516388e6ab85291b3fd34f3320f474a492a65da91ce8b1b2976704677e58f0585e6806cfe444b0b484ecb1d472fda9a2b293415df3a31e84e83978af1c68bfb68d15886a2d028ed82b6cf081493f86734e99886e78d04474f1a29d9681b89b3efdc21a4a65ab6e93b9c66c94aff8c1bb4914c9b2880838772acbaf1cc3831897f4667d8701a3f70923b4b8c82ca29d9b60d68d9589a9a2f8922715af0e8bac7341839ecdd93a7bb279da407cc0cdfe7e143478f0172b9bf82d5ba1ce72c8624180bc7e80cee2d542b3647f665e85817243d5f16c3f34340e84b0eeecb112b3161c270d9b7f16c85149a4395345f38b0969f5b7d080b3d63a50df30ae5c24a3227a352dd958e710b6b58ffd37f82b01c039cd9561886c9ccad590a706bad711c07cbb2e6fcb3699d247455649e03079be8edf1918e6854be9c5239eec6b0b73b47555bd827e7d7004164f11b37eee21d171f216d29b416d462c932cf276b2966a208c492721e014727a50b1def84b5bf91f49fd50ab7b00c2b5538ab7730c09986822060d5aa555c7ef9e5a4d3e919771d85100c0f0ff3f4d34f333838886ddb73069a4039a4ed1aae0c88f0d8655dc1f9d10b10ccdc6754ea448cf55c6fa4484bcabe4dc689903299d4d01b787c66ff3ab416a7c0a8ecdbbcebd243fcc55b5e82c0aebb98236d3ee4d80fd64816a1ae42efa760edadd07efba4ffba01ce342c9b55ab56f1a10f7d68ec29ce2ce8924b2ee1ce3befa452a9cc7a5e9226a9727eeb8687b8b06d27567d1f45c2c6532152c733b67f62353f76a20042a1b977fb0afeecc71727251a4233183a444ae24975ca678eb5e09ad5fd10cbe3b553137d1cd95046a19d3c297a1f86a5063873a6388eb9e28a2b661d36002d2d2d5c78e1853cfef8e3b39e2e10442ed7ad7c8ed7ac7d0ca234c783c5e345135403353c16f00bafd9cd33c75af8eaf3ebc8792196d0b8e3c026b13e4fb25ea4a6f3700609448025120069051d1db52465a0612c1d8956f1942efd9c9d5235da4995d69a52a93467ff5ea552999344480dacca7583724059c4b1a056b31072a411fef18679643231a806baa8b1e4f2e583fcfbf3fa9498cda97cd2b8321e03ac38122820aaf7a58ad1e8a801132285200eaa538287b170a6a8542ac50f7ff443cebfe07c56af5a3dabffd6f32f3ccfb3cf3d4b3e979f13708b91636f017e28e8ea4a613949c025d602bb5e60b4665db9b1a64c4e329e24c6b17a465a941d9f766192e50d7066c4a89412147cec631fe3fcf3cf279bcbce4ad0786060803dbbf7b0bc63f91c7d328d4538661349a99152834a38d4b0b59c5ae059f194c774a9faf1b94a960a05686588734e5caa86bb37b5269d4ae3b43becddbb97288a1033bc0b351acff558b962254208934039ff3c8b51b4113435070970ea50d668b41258160d98bb34b50f3427c0c9e572d896dd7083f09456482959dabe7456afabd2ea9cc2468cfa8d50c64d481e38023fb44ef4aed0d0dc124c70a334d882498dc29b524ac39c0067c992252c5fb19c43870ecdc9a9ce9c8347a986fa3ca34f6052ae62c5cacaf8775603ba0b675f3b05bd9d69544d22ebf1add36dd0c65920a80e4806fa0aac98af168e94926baeb9869d3b77e2baae793cceeb0d27a9854eb249e264033aee22198e67692a35ebac4e95a4d4740d7b1c78b10995a5defdf074fbb431e01c6be83da459febab629fdfd390b1a5f76d9653cf6d8636cdfb19d42be8036e3dfe7a57c1571f8b0cb656d366e6631f94f9a68d8a6b7338db4ce7c6f7a56cc035dcbb87e493f1b2a65e289ac3d210882103f0c1b229ca0e388fc9a6be8b8f67d537ba0e9390c0e0c0c0cf0897ffc04870e1d9a734b476bb06d49da7331b1d7891568872bbc1d5c9fdf0a997afe4da3af97484e93dcaae69f766ee4eb875692b5cfdc9f3754928c157141a1882df5b8f3aa868a25366f58cbefffd21d34e732a8857cf3698db05cf26bafc6f2b2f31f3800c56291fbeebb8fbebe3ee41cceca905272a4ab97675fd9493693c692d28067dce7bcc016216f6b7a9ef332c328ddf8168e2069a0f552b1c0c7b79f4f35b64edb307db49416044a8e61b210104531a54a9577bee966feea777e99d56d3973739d0be09c4b556a217fffc5bbf8e77ffb0e00e994675cbb71365fac25aea55993a9620b45a34fd31668422d3858cea274327173caef2504a54a954ccae34f7eede7f8e03bdf6c6eaac50a9c113dfadccbfcf93f7c9e6d7b0ed094cb9adec9e35a3a89cbb098e448352db42aa5182a55b8f1f28bf8e8effd0a979cb7cedc48063889864b15fee7fff715be72cf83589624ed7926b1ce68ca5661a95ac3756c7ee37d6fe7f77ee95db88e49e237c019473f78fc39feea935f62c7de4314f259a4b1768c26019a28560c972b5cb76533ffcf6fff22575d7cbe5918039cd36ba858e6e39ffb3a5fface0f88e2986cda4c8c303ab38ae52af96c9afff2736fe7377fee0e63d518e04c4e4fbeb49d8f7eeacb3cf5d276b29914aee31837cb68ec861150f3436a41c09b6eb88a3ffb8df7b379c31ab3300638535314c57cee1bdfe3d3fffe5d8e76f751c8654c50d9e8b8fb542c57386fed4a7ef797dec57b6ebbc52c8c01cecce868771fffefbf7e83bbeefb317e1891cba4cda22c5269ad2996ab34e532fcd2cfdcc67f7dff1d147219b330063833afe75eddc5df7fe12e1e7ce2056c4b92497926736711a954a9615992db5f7703bff3819fe1fc75abcca218e0ccbebef7c8d37cf2abdfe699ad3b705d879429426d68556a3e5a696ebe7a0bbff5f3efe035575e6c16c500676e152bc5371f78944f7ef51e5eddbd1fcf7548a74c6d56a381268e63aed9b299df7aff1dbce93557994531c039b7aa0521df7ce0113e7bd7f77879d77e5cd721ed198b6721ab5cada194e2da4b37f3abef792b6fbde57acc598101cebc921f847cfbc1c7f8d76f3fc073afee464a4126e59953ad8570e303b1d6942b356c4b72fde517f1c19fb98db7dc72ad591c039cf92dad35f73dfa345fbcfbfb3cf1d276fc20249b4961496916671e2a8a63ca951ab96c9ad75e7319bff2ae3773e31526466380b300f5cccb3bf9b7ef3ec87d8f3c4dff509194e7e2b98e599879a0aa1f100421cbdb5b79fbeb6ee067dff63a2edab8d62c8c01cec2d7a1ce6ebefdc39f70f7038fb263ef21349a4c2a856519ab674ead9928a652f3716c8bcb366fe45d3f75336fbbf53ada5b9bcde218e0349efc20e4e1675ee2db3ffc090f3ffd12dd7d0338b64d2ae59942d15952ac14b55a40a462562f6be7f5d75fc1edafbf811baeb8d8acb901cee25157ef00f73ff60cf73efc14cfbdb293a15205d7b1f13cd76c84e9dcc475c854fd80288a58d2dcc4f5975dc85b6eb996375c7f052d4d79b34806388b5bbb0f1ee1fec79ee5874f3ccfd69dfb182a96716c0bcf758ddb75b6ee521c53f303e258b1a4a5c0159b37f2c61baee28d375ec9aa8e76b340063846e369cfc1a33cf8c4f33cf2ec565edab1979efe21b4d678ae83ebd84821167d394562c5688230240843a4942c6f5fc295179dc7cd576fe1b5d75ccaeae54bcdcd64806334191debede7999777f2f80baff2d4d6edec3b7c8c52a58a1402d77170ea005a0c524a1146317e188286a67c864d6b5672eda59bb9e1f28bb8eae2f36935ee92018ed1ccb90c3bf61de2c51d7b79f6e59dbcb8632f078f7651aa5493b13796c4716c2ccb5af010524a13c531611411c5319694147259d6af5cc6e5176ee2ea4b2ee0d2f3d7b371cd0a9358698063345700da77b893dd078ef2dcb6ddbcb26b3f078e76d13b3044b15c41298d9402dbb6712c0b290542ca793373416b8dd21aa514511413c5314ae9042ef90ced2dcdac5fbd9c2de7ade3f20b37b169cd4ad62c6f479a044a031ca3f9a172b5c691ae5ef61c3cca9e439dec3e78847d478ed1d9dd47b15ca152f58fbb24520aa4940821b0a4c4b292df0b04423065cb416b8dd623bf6a62a588e3b80e178d46231078ae4326ed51c86559b5ac8d752b3bd8bc61356b572c63d39a9574b4b5924e999a34031ca305a7a15299a162998347bbe9ea1be068771f47bb7be9ea1ba454ae30305c62a0582408a2e41586444a25d050eaf884483d6af0a6807a41a348ac2791bc6ccbc2739d24bfc875686dcad35cc891cba6e9686b65e5b2252c6f4f5eab3bdac96733e4b3a6a199018ed1a2911f84546a358230a25ca925d650cdc70f42fc20c00f2262a5502a2656c92d624979dc32f25c2779392ed98c473e9b21934ee1da36d94c1ac7b6cc221b19e01819199d3b99689c919191018e919191018e91919191018e919191018e919191d171d9c08059062323a3b9d0ff3f0083efbb861aae72430000000049454e44ae426082);
INSERT INTO `tbl_product` (`pid`, `unitid`, `pname`, `descri`, `status`, `photo`) VALUES
(3, 3, 'Achar', 'fghfvkj ', 'Applied', 0x4749463839612c010e01e60000ffffff9c0205bd6869a40208ad030a8c040a70060ab80d15a80d13910d129d0f15ac1d23b43137992a2db5454ac3565aedcccdba020cc6030e9c020aeb0814d80712c8151ebe151ed3747ad78b8fde9ba0e5b1b6f9e7eaf5eef1fcf6fafefafe807f80fafafe757576666769b3bdc6cedae3a4acb2abb3b9989da1edf6fc505355d9e1e6e1ecf1c8cdcfc1c6c8a2a5a6ced2d3edf1f2888e8ff6fcfcfafefefafefaf6faf6fefefaf0f0eec2c2c1fcfaf5fe7602fa7202f57105fe7606fa7606f88c35f19c56f7c398fdefe3fe7202fe7206fa7206fd770cf4730ce9700ff87a16d76d19fb8323e57a25ba6928d78443f8ad71daa67efcdbc2fe6c02a0653cbb7c503c3937725546e1c6b8d2b2a5826357b1a19bb9aeaac4877299837c936f642c2827d2cdccb68f88541e1c692d2b7e38359c5250f4dddc973f3efcf4f4fefafafefefefafafaf4f4f4ededede6e6e6e2e2e2ddddddd6d6d6d2d2d2cececec8c8c8bcbcbcb4b4b4aeaeaea8a8a8a0a0a09898989292928e8e8e888888ffffff21f9040100007f002c000000002c010e010007ff800082838485868788898a8b8c8d8e8f909192939495969798999a9b9c9d9e9fa0a1a2a3a4a5a6a7a8a9aaabacadaeafb0b1b2b3b4b5b6b7b8b9babbbcbdbebfc0c1c2c3c4c5c6c7c8c9cacbcccdcecfd0d1d2d3d4d5d6d7d8d9dadbdcdddedfe0e1e2e3e4e5e6e7e8e9eaebecedeeeff0f1f2f3f4f5f6f7f8f9fafbfcfdfef76b00ac0928e8038d353768183488f0a0404103ff49744470d040823532b2d9a871e3c60f353e3c9c4892d1c5841f6e7cd8e861251b356c5cea08a12604c798012b96dc69710d48981e837ad421944d488f3570f25c2a286951363636469d2134ead3901199fe1bb8b20d9b365e9f56ddd8c6aad80f3ab5e28b58c3461b0f60ffa1862dcbc6c3d7b7363c58a5bbd76bdc9810b3aaadf701ace1c360dd26465cd6afe1bc8a1f134c3b38de87c88c0f632eebb60358b89f63c4352cba46657b346ce0100d56b4e7ccb0c1e220cd184707d168299f5eb7c6c3ea0ebf63ac3e1ce3f56cc39e45cf16adbccded36ab6dbb697351f76e739771b8595d7cb676e1c2a3c760dd663c703731dc00c7c13ebc7637f0b5531768fdfab810f0b7a3e7aebef876ffedadb79f76ece9175f81f9e5d7466023d9f74d7502e990e084f1a557617eefc597a08514c2f7861b6fbc11031bf439184e441179d0e18a1322881e8b1f7a2863886fc081c343f59968cd646b8410c38721c201e290f9c528639147ea6724ff91408208e41b3640a4233817d940e393092e49e4905aae78a59342d228e494277285c3956886e8a49a5b22c925976a0209c79362be419d60646673511b69f679251c42023aa79f5f0e3a689f71c4e1464e796e73510c82d608e89f35a219269d98ae5969a593ce39691c6f909863a3d070f5461c82a6fac60a911e1aa4a784fea96aaa70a09a681c38e049ea3536d48a2aadc07a1a29a7b0d629aca4b4deeaab1c6f8430eaaecc4484c3ad89fafa6babc166ab2db0d4c621c7ad3a34086d35a7766b6bb782da9a6ab5eca60be8b9ca9a9be8b7318c7b8d4f6fc8a1efb7f2c6b142bfecf66badb7e6f2ebadbe71ccf1c6b3f62ad3c6bcdf1a8c30c0f21a3c2fffc510cfa1ef1c1c7f4b62c3d4d82087c6091f6c31c617474c70b7238fdcf11c10273c320c712c08b2346be0d032c71d9bec2dcf30cc01c3be34ef3b71c408bbccefbe2f2b4dc71c36df1c8d1b300cad31cc2e5f0db3c649235cb4d51bbf1c34c159ef3cb3d030d0e186d4d2bc4147185597ad35cf5c07adafd55cc73134c25c0b4d77d556a75d071d6fd751c71b6c47e3361d6987c178d041fb1df9e42f031d39dd68332ef4db6fc35087e36fb730f8e18943b3f8e0843b0eb7ea7374fef6e690139eb6df1c470ebaea9ed3f1391d2d104eb8e12ec051fa336f18aebbe8beebcebbefbd2faf7aea9c835e75ebc92b6ffde8c0d791430ec20fdf4cf1861baffcffe0c8838e3af3bfa70f7d18bd23df7bf8f0e7a0bde1dbc3c1b0f7bfb8213ffc75881ebee3e233dee896673c00c2ef7adb0bdff6e4b7c0edd9c17ef85346ceb4b73fdd29307c16dcdffcf88741dd69900e0cd4a00273e08204e6c00e888ba0c336b8400ad28f81f333210b5f18c318ca9081253ca103ed80c2fb85e22281a98e0f2368033ad8617b2ea0e0fe4298c3045eb0814a8462039bc8431df2f08a1d8005100bb145152ec22772b8e21161b8c01cbab0853724a3f6a858451d9e508c76b8430ea2b68a81a8c12072a8c3da0841831b0c840641b4088e18253584c4e18a3b84a31511e9c6121ef1910b7c241c2779c53bdcc10e78a843085cf1c735b841ff04605081085e40876659e40635f063567455ba81b861926f94a40b789843442a728c948c65252b69494bcac121ace00a005c60053018130c56500108f4504a3644e420100a08301317101bd4c19294cca624b5c94d31f6b29771bc031e8437c44eace12036f0c218c84086631e33992078c1e136c223909c9306d0bc994f7c4207705ef292dde42140bd3950817ef39be1ec251eee90073bd48b937e84c315c6d0803158740cc874a73195294ff5d48051fb64e5ae2e428337c431a128c5e6410d7a527f1ef4a5965c684cf140d33cb44024105d431ec86000325cd4a26428033b7dea4e78ca130ef311e40f5592ca3348210df588481b3009d384aa14a658ffcd2a4d17bad5ade6210f70400b27d7c0861104d5a73e056a50cb600634a041a8c57ce708fc808752da6c329cf0895b5673862328010a4f9d47443e20079a66f5a5323d2c62c529ceaed6140f7978c11dee948a8604442473b002191a50862bb0f3a741458303cc30da073ce00a5788ab31ad300210e4210ece2a27230a03227f4561074498420f8220041dc85611bf054627dfd058c32af49b5ce52a4c1dcb5cc7e601b2908dac1ee68010b1a2e29900f8c01e36dbd92f78410b13556b19446bda07080003181080193cab5a3088c00622adc41a6ce08638d061964a20827e737b8420dc00132105800da4208552a584ac3978ee561bcb58c336f7c15d7daeff84a1fbd5177c55ba775854174fd1493778160d66386f06c4f05d1560749d42e52e031ce0800798e1c5423d661f481a5c2ed6000770e8e70bbab0df1e33410d977089686c708626004108cef8e326d70087af42f8c9118eee842f6ce12a5f380f7a78811ef6408703c7f71303f1a358edc04e06a041c423fec215c0a0d69f8ec100eb5c2b3bcb804c3964779a9798af1be660071480a0093ddeaf12869067fad688054298c20e94506073ae440df8148210805c8a30e3d40639b0f085a11be54d4bf8d34e86ac9547fd82526b590f5bc603e2ce79dd817c54243400c118cac0563360a00bb75eaf78d30ae79ff6d4003116011bfae8c74c28a40d70c8811e40fff0851ef020d053200292e56b830ec0410e2d2841148a905b28fc57133e618370e00305252021088d26058a02d2640b4bd9c99e7ef795231b59535719d5f8ce37aaf7b0071848a9c691a8ce0d06be0639a496d6a2354379cd40ebb58e170d438d38ad630c063b14fbcb91a02f9ffb3002273c3bd0faf5b625f824871ce0c10e50883611a010ae4c90d5d0fe2a776e7f20854d8ea28b08a983a9e93d6f7a57b9d415a67796f58d6a2d9f1adf7bd0031fece0818a601cdcf439e7454c7051cdba75bc0f776b5bc9fb80d1beb8ad136fe7085248484bf8c4da3af783167a0072fd4e8109df9ec41a1e966014f0a109cf9e82c833b11237e4d805595042b4f50edfff3aba010f7ac0b2cf475d6f546319e8448f3cd2f9bd073ee4e10dd61597ba3b3c02368316e1a26db179d14b7af5ae37c531ee43b1355f091ae8cc0e32100115dabe5f1f4c7b126a88c121f720032fe03db75258fd256e0c8716dc010580ce2d138610f7547ce0037188fcd1259fefe9f37bcb5ba6fcf52baf87380c9cf59bff23007290568c1a13a80de03a7a338001f663c0c557802b198a690539ecb3447946761df200022d2c01b7fa950454f07b5380045000489240566f300778e007cc865b53e00367207c9550186e737c5e8004cff60350300300770934a006759074f8367dd4976f499782dab78295d7077c30072a017e95d62303e10760507e17d5ff53e3655aa4d78366a005663054b4564c20102578667637b67bb20780fae5042a40053fe076404009f3f5062df0022020025f008141e05b00467ccae6075f7004cad70147c8610070036d7007d7a76f2488826dc88272c8077bd0077de0072f28121f08602a21516e265ee4457aee2700a395629a355ec57407fba44a9870196ed38023b004fb350549a005232002c9f776849680bd5207cb260255e07642d07c96c0067bd66720200355a0047f350367c86101e10679c007d9a782b5288795c76f74c807bbc88b2e788720b007f687229c641077306b65e066ec0462e7d57e19a001eef7056f25849e154a6b931b4fd7086b002939800222a0051f47043be0ff842330024f507ba3988074b70759f8048327057b2808a628076c28033280025990056fe081ad701168117d74888b2cd88bbcc80776f88b76e8070e485764978d6026446d20026715549e356767865e1a909119b091e82500eae5562b564c7c204df797676cb08077c0714e1068553002a2d46c6ee75fe594337170077c200222f0043d3005402005f8b4066a30049b9880f398607a80022700032ce08a20f15ff1187069881630c07dda1790bbd882068990077987090902cb14061d90134f390920115b0000031589625740056fc5565f2006199991e8f500ef575e2ce60054300656d00231289698d08958a80549d06349c08ee58889b9c5934369127f94ff022b40027e969353c0936730036d3003431004bcd57251d708859163e1946d923604964903420005423081b0b80635108275e0822b5890596987b3a9907e70870a9985c118068bc220c1e46ace42037b306b9c057a1ee90502c07e1ab0011ba0017379976e850666d64e22d0063fb909e216467b3002b3b75fbb6502327098a1985b3b906e8940567ad1062920055010044f500520e0072bc9034070063f1222413099a3a8106e3103ecc95ba4081135d0066e9047f2930541a0044c2005201203f949043d1975524703434069e0264c7e3455055979bdb8957c609b20ea803849577380036255767504000af15f6f605613f7701eb99119c99ccca991efe7ff00c5396718f5021f954f0066257490077e108993480439009920508e5e1085dd16a084101204ba2a5070043bb90349500532c0633c09012bd031f9a95b52300367f2062cf0a547c072874003046a5ffd63a658500272b0025f3a054170991d90022920044100044c00047b076024a9a21f208b7d5087047990219a9b5e29027b60077190067e740321a08784e090e6d4497510540dc0596f455a55705e5d9001cc0901cd098d37ea0068b0a931660571a0103e0a821da08454108e101a066120a497f8677907048b59a95f816325f7043ec0032a67a555f0043bc0937aa343732a04f52507da4686ca57a18670035692472490054c106d478005b3440251e0ff0393b9a031b00261c0a73ec06d4450045070a1837560d1a78b05b99520ea95f6ea0719a603d80821953a968fc0286c000264308d9b2a9da225005f706ba2ba9ccdc97e84c8009b9a7eed04021ef84708288326618a7390921d178e7a57a0362902ad5505107804f068087a55a02dc005c80a723bf0034c0a04deaa78eed86d724007242006c9a77ce669113fd24f26d0051a480447900588f702518004fa7504425002daea032007772e27a1fba406ca5695f48a9b06b98b7ae0062ad14720759e81a42b03511420458cbab14f2221072a5006101b9da245052ca65e6f099734ea9ca6e50010bba9c8c497aaf47d41a67fcb360283e9768c960270e0895928ff027ea0b4fa79085f912f397002e7086d3d500555c076f4890576c07b2850b93e10047580079fdb633ce9936ee11642e0a767408f2f90a54cca0351f0027ea08a46a05f3bd00577907c4dd0b2fcd5ab72a75440140717768291170729418152b208cf071172d1011dc21aceb445f1951401b1536da5aa0d20b7a6450521869c5db0050c6baa84e8000b80066b367683f481ac595f36c99d6c17933890026ed00278c0718c9b89bc5a08b47548265005b49a5b4d8093be47ac4030b9320002bea75ff479027c009393b8a029102258b0adfaa50439009e2050054c8a0451e08d5aa8b4b8bb5f49a0c03b6bb2fe4a0809d10154555c0c0559fb867d5926596139ffa9a3921617f1157ea72ac4b2245e114d8790103933026580a39c2a9d72fba9ea759ccfb89c72f97e0cb0621885077e7410af4a092b513c7890a44be0b142d047af7793040cb5c0b77a06312d76f00205ac7244c0035520b22200028edb0458d08038d9042a07047e26896c3c054af0a661b06d6c4c0459c08e5af803b8e5035190c09758b83dd6039688891fc7b4a09013262547b8644915567d57d6026ad049b335196c8063d46230ef62ca7112034dc7af16d1bce4a77029b6596820b70e500521f6051e29064dfcc4e5c500c81407f4818d62cb0834606dcad67f49f0713c693f3360252eb005492a020b9c5b3d2994e78463a32b03b3da634880a53899ff931fc7045970027e70c779d7042030ab3d90cc82960576100455da635120c65400803b30cf222b9883dc0354508efef7713b707b978a034694408e144e5c505c8fb555f6a312372c083730ca03f3333c1336c743070823280b82277f340309e1075720006d29840c20b7de4b050ff0055f10aa71e97ee535b139d147266112f4458fe1b9cd8909052930046780055810055d5005544005ab88bb93a90447a61d73700232f0058e4c043fd005288002434a0593a95fe26c0249ea7f0c8c0420b004fc7c058ebc034fa09320c70341107b1d0781b28b02e528d63dc6034f90a42a40a4fb25d0f2c5af3e91b84e1449b8344908a561194ba0d7162f0963417590ff442da04b4734387984bccb4b52cef2062a0006f197623a5806e9e756402800a15aaaa60ac50e80517620105e66760191022ce0025aad029228685110057b2aae83e7765340ab9349a771e00258f805e198bb2760027ef60545b0044cba03596002432a02af4d0448d06c4ea8024f9d98ba15bf44d0034fa0d6f5ac5f3df0c122a00270bd5f4d2006e13902e11d6dfe85da2a6ac50801006d300707c4412e203af0fd42e164077a94187a111451e11635a22f4f33318902dfbae45231254e79f04b5cb16e048707aa2571113b712096b033dab0ef470118e0cb23e00632bd61ff1a02a90b014220db982b89e178044750049319c00c0c72b91d045c70d30038ff054db03d27b007c4dd035e50b845bbc523e07f00d8034db0042a50e45d0c724b40051eb75f4f7093dcb903b875cf7bf0dd625ddb5120dc49bad6fbf5a758fc471f15020a916361203fd5c331015e390674427750072753ca09233a65843a5a13394f034276c02c72f0022458877880035feba400004a1a650528a6d9c5c98c0250e17249970fd04e28601a78157097011dab725bbac5e2b497e9b5a79940000462c0c5fb25bb2e400278d0b254f067b87be559fe7f0cdc035fe092551e683d70054fa8ae4490dd22bbddebeadde09d042aa70459d002cb56d72b1993c10b11923aa909911031507218d43b15bd2f2b433637bbd88d9dd8896d468964555564ff38d16e3276b2860e189f97b7e0955aa076a007eda55128d600a83acbe6b5cbcef97e18600675867f72475bd736e678ace9990ee53b800460cdc04c80057150075970935cad5f4040022d100580c6034970c7dcadea3fdedc4480cedf2ddda6cb035450d7dd49043e90dde558ec6d3cbb543e98c41a042bc0db746df2107aec024a03ce02d156883ac6d334580333d36e2bfa62ed97e446021561f0f65cd8d440db83d121722670b0b177300731b04aaf37e5236005f4b7ee83be56a4357a5060a3f4be662250b1c307292d80497ab0e3febe5fb8d5034bb0044e4005a8b5966ce7c71a430776ecdafbd505a5de046b1fc9f975f22620b2788fbb62c007b0feffd453d092456ef253b0c8b99e77f7ec8d3f3ef77ac702fb97e58c3f8579d64734c0011a00010000df619044a8b331327334e8722e4604590ae5555aa67d2850829b565377504adbc1f45e46939d0b022a60f5efb45a56effb1ae54eeb046274b97e3d8801ed64020a81b18d608a898b077c90855a10f2b29e046e3fd45ab0fd82ef92204f868abcdb90289800e8034a20ad44f0c6ad9589162f981f0704e9cefbd2ad7253f004e55cf23dd6056afd053f00083c443e41282223543d8253412c727920232a4e4495534c6b009a9b9c9d9e006b1f1f356b1b0c0f1b763974752eac7430737372b372b4b2b371ba7170bdba74787ac22fc42fc2287b7ccacb7c7bffcec27ace77736f6e316e6f7071d9767b222a5660e2e356e1e5e2e5e9e3ebec64656618181941f11866602a6f00379ffd9a999dd8748853070f9f482a5450e121a852a52523228a100102841f8b91228ef0d3a4529015755e6474b2c3a1c3294ffc4cfcd291c8942822475c49529248143b7abecd9ce2f2491e6f92483a0c2223a2969a3d925439e4a4e114282960e0f123894acd29406e4891e2af1f401a214601d8708100832e5c72d47915664e183ab36ac5b5956b17af387272bc58e6ac2f9f3e7e0207ee43b80fb33d76e0b859cc188e9d6fe1d88149676ef239cb09d5495e47061e8607f1c880d9b386068daea841ada9d1e60d9d3b401336304984caff882f4e9e54f18282189e3bc1fa4c1421e3894b26725a408a488576a52726f68098d8b247a1435a7a546212c6851e844b765ce262e705554426abc838b4d061933d119758322224c59ca9554dee5002855fea4d006932ca07633150c1010c7861471d0cbed2021d10ce11cb1c104248972dbac8a14b18ddf8419887805d145845235ae4a11f7be4c00b63d8e0a50739e498738e8ce8c8684566976d06c6189d0980810093cd11ca7f9d04b8c90d6ce000470ecb814393434678e1cc0b786cf1c41340449105167570b1c545c44571c4143f4021077e2acc74120f41b880d3742218574917264c3742133c3c05071d2ff41151153c2891851c059dd79c434cc0ff779b123c2111051ff11191e714f5cd71874a2a647712135c11f9c90d37a8b106040c5860c101686ca11683acaed5c25a6bd1f1962cb46068971cc008a6eb45700e47514515e131c7368c6533871d23c0189965ead838e3b23782b3ac8e636871051823a4b0867f9ef6f3011b6db821871d902ab4c3553e9d70871daac89245104af4b003134a3471e513492c02841c77f85955123cfd10850b61143a911fda31221271552882050bf7f561511f5aaeb0c27d869a74041f877c91ef0e419c501422255d22450ae39e77857c0e41d1eda735d0f001040e54606a0466a8ca6a0e3cbbd02aabafd482a186715098c377bf52349c877e496cc6155eb8306c352dbeff06c2b4f88c20821f289090c31d3234fb2cb3e224246d8e3ae671836904767b8391ff7c80431c4747e24412260d0c178561b4254709256001c513f1f660f8140df100850b311965ef162df4028c7020f0d1c598406c81821f32981044101ccc6d47307ae0e1c20ad8442c49153c55f28318d381e004212e9c20dc085a34211e1367d410074edfa80028e25094f632276b247fc30767387081a9155c6006170cf26cfdf56aad5247dfb2146d6bd175d8a1d27020f4f1828a38801b431b106861800162d421c71bf4bb41901e2aa0a302087b989043096e98410dd646031bb46004377ad68c26b30e1ca1ad81fa8819dc5093bc4f6cab3575c8c32114b204c305ff617e76c18b1c60408716b4c00524304115a8b08424e4cb2553404216601309e2746d0e8ab11f4e64c03f3b4401084ce0c20bf690073baca00d6d50120cbe668716c4c10de1920317fc75a81806210f32f083e5a000831674632220d0431080d01f1bc0a10e48bbcd139ad088104cb05b9960030038f0800398ca0212588000d2e22676d9615daa508bcf60b5b7a1ed820e4ceac31ef0608730bc410715045016c8600032506f453878431cf6800e19d481053698416966404a1c74000738b0010de00002b389cd5995a10cd6c0d007367c002ca779d91bd76003d7e441255ab35c14e2c0021cb821936f58812d5ec5ae3b9800053cbc8d17baf0393286a105ff7840c61e5e40023a28c60331d8131ea6648712c0a1045e5c171d8e18021b2889162b0a250ec6c531dc35c1074c8882175f80823c90a00478615c16cd17b934d0205c963a0871fc774436d0e08dfe98600d0090060cdcd10215c8a31718c92e3cfcc68f395810cf1e14215ae145177370d31c70a0034df82779dba28107be60803194a19bf32b961e3622071bd8200633406212711003a2c6a0a86ea8010cf2e74006468646faabd1b25ab02d35dc12a25ef18a0ddc60293d04a67f3028261b6c804463d2af687470c1d7b2c9438a74ce054f4c621ce8e04717cc2f956b48521c5c001cd311539324c4210e04c81a641e53956a88c1ef9056be8a95a08f3990ffc30ae807033be4410fe793030bda708319cccd05d9eccd1de4e0060f3c5497c85bdb1a3c80013b5e54a3a5f3281ef2f01b4006522d61804118e8920b0dbd660e6c80a928601a8a359cc10c35d5420e8695c3636a03892c5a5f598b8ad4c5e0a00d28a08c539b5523184d465af87843694250035284e26d6feb0a56d9e0863ddd210f548a2c1445f12db222531b73684148f1304419c8000578a8031c62c09af6da0a8a6a7828b8345907b5c8010ea8c406fdd637c00f74d6a73ebd250dd270c671ca800f7938dd596100035ea4329c4b54050c203cd135b48650ec8aec1bd2875522ade6a11ec8c0f32e6a810b24680fbd81461eee60db55c58a5671c9501dffee1007d538f9bc009003250de005f9f162c6d64d22d5acd101ea9a32061d60911b6ce00204826333b04cc7d966848a3494e6063a304df27209901a234f0d5b9d6b835b30bf369c26131666830edc890d6d2447ad27388109ee20e336b0a106f635662a6b60e1e4b1261bba98f175ddb96936bc1454e5156e9ed77a07bb5ac3acd568c30cd8902443afc803045a4d6bf052e219db805bc703d06901a08105ec18a316a000aaa484826828834a1f0d2421e7622b7ed9c10d00a83480de0601328c610c7bd8ed95b121666e1ff3cba834e662aaf106338a205a6766872cc171e6caecc8000338000620106b397fa0cec79375a14ddc014f07e8bce5f5292acf4aff8bb5cc42317e06b54f07885e00415ad263d6c10dca5b8338a71740f73e5262df909cb56c2395640d797943c08610848b318efe332fdd590da2da1214b9e6040d2e4e1653fdda54127080169df1173e60d6a380e419845a301711cef50e750881cc885b9a35e4e07d63d882b6b77ccc6e5fe3a88cb9c696ab118317a03b33fa4be00219288e6b1b000115c8e805e6ad89870e17006e8f646aaaca69904b7c97a0a241c0dda97538b4bc0d1987e9db608abc68437ae1b9dc47056b1c8a2465a31750bcf500299eded5b0daa7024c7cb469a0034807f7e2313fd2bd43412ad7def102365bc00376be07c028520f430efa5a0ac66c2533b934564dde2d6f30c931ffa0210761e0452fa8b6f571779bdcf5c3060e7220adccb05b6cec188301129000024420ed12a800052860b30c9c41c3cb334ddc894bc1b79517cea4987b7145316856b7c1068f063d05eb4c785dae81bc824662e717bfad7f83e2cf300720733678760647833733a5d2630a083d12c0005fd00ccee07adb445b41b70ab00017b6403479f16c31f5504d9705eff305da367cf453827ec76dc487821266826ed002ae244b926176093000048000d7977669b77d3ab87d0ea0011cd076b7240a6c537ff3178005883c82c70f19177a47e8098b076a331733730720a1976ba16061cce300a67751a867010ee0058a940c12087bc9a616b2928119f2607991036d10ff6d79273359706d5e4007bae07725487c907787c6d75e77588261903fe81083d25700098000072001d98783dab7838cb87da8c0014aa77432a3614b588536a61a99207796c88491d4849b986f844747117001cf538a77643302200361c80783b1073fb72eab5252b9a00d702007705579a6010062505377a00df5d38776483f76d85e76e877bde077577607b3647601a000d6978839a87d8bc87d8dd88818b0016e267e1ea8799fd88ddef88de0687f1957510860010bc063a767065ed00cecd88a2f405b31766444b30b04376609b63cba38065f0001c7d887d9708724388cc6788cda100707340e665700f1760087a88838b883d3588dd58801df978bffe0ff89e198911ab99136d6741fd001ad6573e878205ff8617e7111cd806cecc2200fd23dc2678c9ad40b1d80441eb0055e1006240890c77817571690c5488b45e305d2670005100004200178e490dc278d3a18911229910f0001c5b52df2c791567995581951e49701be767a3ca65132d0173c1718cd105bcae63719989398d69371700667a01800a9492164173bc99369180659c000013000d787884a498d4f19988189011c100a31b3745999988a899557085364418a37a78079f40526e98ace20183e4725b0182b3040346a69829f099a73792ba38917b482050f10017ea988d9b77d4e2998b0099119605acb83918b799bb8696357150a1bb00076448a3d66ff8a0770015fc07a6239183e078faa6070c3b20b30e98fc1288c05499af398862244176fd10218b0007e098dae09984c199be249010ef07d94669beac78db9b99ee138676e577a17708e90794707b0006660187c800cd1900cee3864cbd99218428b04f978ff4890a3a921b59281b44062b4d037add00262c000aa99510e199ee379a13aa801a3a0745519736ba006e032033120059f2304ece92982f7503ad05227aa6bf796855b787a17100107f005f8f90cfbc98a3b573a9be93727559a78518b083aa442830b0b4a62245621acc0337610a136b89ad10898183aa50f50981317805598575ab702428004db2104b8d6a2455203e0725d1c10044cc00442c0ffa2ec295ca04047c3199cf27947086006165196ae686c12a3453fb79c15120b192834b5120b480a21b9250b2444a86ff11615d2606a15527f24000d3001d6a79a8928a5539aa91520950fd5a12f43030b660b61c0040d41044a207162ea8435e00199d40b4150133c60a22d5a1aa7f1011c2000a3c8850ac89068008686210c791a816449869bd9208d0a346aa5560d66644aea2086ca33cbda6076c00577b0055790000540000760a938d89a997aa10ea90109e681597a032f960355d23a95b00352809e5879033f150730e0025950aa5831042d0a7aace56b3b169fc0b9ad680002aa5896d0b09f21e28a14e8470abbb00c1b488ffa33d5d30a901a487ff4ff025f9000ef538896ea9d98faad12c99439280118202ae665897243372f20035ee01c9d92aa18d70647f70262e0a50e01046920a6011202bd369cc02992a7d2ab4c83a3d020865f45864047647d255bb2051c485b64d81352131b6321b5055fd000434994087094d09883d4f89ae3c9b5d2c89412b09439770637b689bd7426eba1052cebae5699573ae4552060042701059074a2f29705be09997c7b2a07d00094c9a7d0600cc0fa171e929fc38059b0470cf095078eebb84a7bb4b6e547eb82b4cda4075f5006efb3b9ef639450ba945c0baeae398d61dbb50e6901df377a96e801aef11d3261afec1aa6a99a066f2015c2210255800425c1299eaa984632ff2a0cc0b7c27b2a809b457d2164436bb884a10c622996c0fabc98f58e796002b2f5474c4b641db5075f80069acbb99c5b0008b0b5de0ab21f6bbadf39ba618b7d156a011b00779a986fbd7434c153130e2105b23b7ff886a230f55033a7036ae009ec1531c3e105411005660b37bac7366930040c7cbfe1e801cd4300f3399f0cb9009439b0c370598e4bb8fc3918ba5218206c1884910c28506c1328bdc2b005ade70599ebbd2ebcb9e5887de61ba5e43bbad508b215daad88c8beb49aa50000b32ea02857c0b228fa016a404a3670065b210543c0a65ef1a13e95021d200542200450000542200567c00fbc242e34b4357b1005583004bb963c63d50631f0ff0655fc39252a0467a09edfc83c75049cc31b010ba0059ca30c42f6b88e3bb4fc899f3dc78ec9a007c0c705d682065a90c85fa0055fd0c8895c0664404957fbc2de3b00d0a388a0dbb5e78ba9389cc3ac995188280107a001aa6589bcb424de90262cebc018f7013f750d8203044080043fc004587c0616747f1e600d6f20384c3005c01cccb6cc1521a0584703185ed004c00c04f87a8549c402712004415004c15ccd402004f8fa8d75b661188000132c9c773c50cf20bd1ec5c71cbc9fd190cec3f08e71302add4bc9f01ccfef530005707dc196bedfe9948b186cfccc7d18e5c9d917d0a18c88a30c166dc3840311c4f37b12b1ab5eae2c615810046362ff0479024397200469806bae9c492b10066252cdd57c1c42e0624b324e7b40138be032bc94c67110d14810d220cd08edda8d4cb75adbc9b37d3ba308a00559a4c798455bb2455bb445b8055bd4c4f0d3e33265f2bcd42f9cadde0a918ca87dc1460153ad940e29d0039dd588480019007770fc32669403a97c05a55a09f61b5164950d2510054a50d1b411cc44100443e01f1fa06579110493220865ed104500051d70463fb1b227c1cc33d05e3040024fd00388e31c9530294c30046e5b244df75033a00117309cfc2a9c0760069cf37a4404d4915bce8f7bd4052bbd43840262a0d44ccdd405b0b996dccfb04dd5b23dd5fc9cc358add5b88d8808d0d5ff50ff85ae0c070a9d267bddb24ec806699c1c62c0288c6d12c02cd7003056f643072690d87bcdd83c01052bb043806212bc633f7570025d40cdcbed1ccc5c8076267819b7010d80d3f3e9b768809c08fbb847abb47c5cdf8c7bd440c607d6b6daf2dcda44499401603353cd8803ae83fffcc9ab79dbb98d88aa190118f050136589302bd69240d6b431d39ef02d990403772006472029e3cddc50f0d074730255600921ae3151603b22f005da6109bcb3023960025da0ae293e149f988932a374cdc3decff39ba80222040bda4ddb57493b5be6bcc143e48a5ea0dafcbdb9f4ccb9576bcfb32ddbdb672a54adbe0a0eca0bbee05cbd3607eda16db0241c9310b07bffd645a2572d001b7872e326510452603f2e60025ea00445c0d82e44bf83fd25b8431b4c30077540e74bc010b4d1034e70377aee12478005ac7c89ca03166730c7990d99a28c069439c2b007d4d75be44416daf69d0c40d60753766d930ccffefd3e6400358d6c06649000135ae5554ea1b9cde55daed50d2e01048001379b7e5568037b35d62f5ebfb25bd76f60297bb0ddb481044e70052ce41c53a004b882073280ec26e10466b332ceb1034b9126748b285820325f40e8d57e05d17205c16e0940b08999f8e81e20007b7bd974cc900d303165f98e92cbe94debe95ce0b8adb70c5a902952b2075e00025750ea2edcda6500862402025e80068788943663ff3348b9e0b45eebb9bdb111100102e0be9b38e662ad136d5b24ee342edec032d56e3609710534eb103b701332f00526dfd8b621136673280ec1034fa01365ad045c600894601246e0041a71ed78c3ddc46d8558fa363b2bbcbf1901c56b1879aae99c6ebd454edfb3151c50bf075c40ad7840ad5bbf05ee13cf095f2215f1f20d90d5b2cee515df9716dfe596eae0d988c0353df7c435e1f021dc178e6b99a02419e4075ab0d74e301c5770ed655d0440f00222d01e27510580b14166f3f30e71045fa0ca26d1045b00025a50f49232054d8002ac8810291fec53b003b2ca849df050a6309cec6d47767cc104bbb4930ba9959bef9e3ece8fcb05917b0278d0ff07ef7cea95f480aa2818c0d200dc2a011bdb9d6d9ffca1fcf604f00069c0a1929da29d5a1af7167e758dcac173e661aa065e0c29365f09482006d9743b359fec45611527d104d47a59e49f26e7de035440f90ea104de90f9a5ca035d400224304ea00f08574b448444535037008a8b8c8d8e8c6b913434100c08170b1707179c9a0b5a327e7d7b7a7a797877a97776abac76afabaaaa78b4785c7879a7b5a8a8a9b9777a5a06c3c4066632a17eca207e20200d111212d1d2d5d5d4d6d9dadbd3db110f1e916b8fe2e5e691376b6d70397b222a573d858452898b6b6c6f2d797e234e3c85a600c951c70e1e772a126a0158c808087f0c0d3d8121878e1d7e23ffae244c32a5100f2af0e61151e205de8e1d84a620c112474e9d3b7b1e26a432ef90bd473873aeb971e3438707043075e274e0c0822fa2f8ec21a54bd62b584f63b992258b16d5597770e5f232a6d8982f7d90295be6c70b346e68a561b316ad6db708d4e05e83fba003807139159d13b7a8cd8a76efae88242205efdd0f31d8217452334a1c38715ec64c780549cd2f2a18cf83c2c2cd9b3839f23cb4a26250a11d98af44dc91e4e1159484761cc112c30d1c3a5cfaa9b0a2d9d0a1bcc01d890b4123c382a29a3a15556046d9283d2f9a4e65d5aad5d3a9579da6a29e15d78b525eca106be0874fa83e63fdc800c100aedc6e69e3abd5b676feb7347c83eb5cffd76e04bc88f418b6861a31c461071feff466081438b481031c7588e69f0a49ccd30348ff0414c40c6cd8e0861c77f031e112ab81a4da69488060d23c4ad463431ba0e921827fbd4d61937e38023009256844909c72125c6006087df4a19429566d77dd92ae40351d93b0a4c20b2ed0bde0c515c35c914c79c924d3637def6523575cd36063e65bf6d9f700071f1896a323368086900a114db1433d8cb01103887dd05853106dace1219ffea916510ffe51d1514a400cb1130e064e7645851e99e8c33c490476524a4748a1483e748836539d41bca9df1a35d0e001060a6c92897208a041a4914c49e72494d659d7a4aed84999c70bdfe9d187166480e29c28ff45aae7871904cc079f7ccf467b8db373c1c50007e9b869ea5dfc21148f48782ec2c68777e846853c84f080c4103c417a60a2001ae11f1ab0194284103df1276366002a911a804968b162212ddee5210c78f8915086be41a1edb68decf4410810a081c0269b687240040d30436b29b5a8722bae2343196577b8e0f1dd527d78911eb245a2b7ac7bf6b935d7cdd18e49a65a6eb5e5000777dd04b13a70b8b047a135dd3949243ac6b00209ba9da8e10734b87bf4b71e2d5128a529b5b8460a06a230c2b9f3ece04460ab653a30214c783aa01b73e021c308bc05f41bc43ae990ea0cc6219049c64531e0f191d1e59195c8394865f2753910842b55b46c01ac1eff2c8fc50cccc99ab131b5d3da1c66cf6892497399eefd8c0ede7ac509d87f2241218510b0bf8e45145188b8d1a2853098020c27c8a0450ff51a52c588833101451c259ce085134900c8c31368cfd384c0afcdd3a92283264c23433622823a3913a7ca81031328a771035f20732492bd6ca724af4c366e470ef3d7cfdd2cb504bb141f325f8eac28cb42c0ce4437ba69752e74ee694b02a74100069ce12e0f33d53a8c36217435e4084ac8e0117e70040c4e6f2616245810a250852600af264940100807d3032530a10948e00180a6e0832a04462448d05440ae77173784a15cf0d2500451270e1acc20045880c62588c231a4948770b94812559a741d5dd14fff7e51c1ce944e510a3d282566cdc09c28cc8080343deb4ca04be3021348b3045eab4ddfc39e9c5424b5c11001362791a1d66e27921d18a1073fe041f008118598d02d3376b457227960c390608a7ac12bd81a68f0213ca82833e8eade10f146831050ad93ab6ad50296780004342729a4304514db178b5870218b4aa2dfe3a6b48b5c506e0f7ce05fb2c018b32f2c604c67a48f98e0f31e362a308104b0d61998f6bd0fb4e10dfdd94d221719b0514d73300261459f28c3b56b8aa409d18b0d381d5988b6190c0773b8c3dcea9692bbc5316291a8410dd600010794b2133ed2827394924a5d84ec2a515a5c5420b70bad048b72b98c994295c1872f083098a2ff7b8bce4867cc8a263302176d2004eef2ce6ed11140de1c0966764305902652202cb1831e4663854985b48f268a080f9450a8e0f1700d6e4098b9b877a377dee303d9a21a00b2d0aa0b5c4c13b2da672a55b98b29be4f71f723682ea2988b832e05970a5da80c7ca9b39e55f4ab6c4ce645314a568c8e35280fdc648e6c00a1392928a44df0c33b40883b6c0a240c2c80030c423423ba09820775f5a6892c538825a4c6348600823d700aa2b991730a4510824f1931311a88a30621f0800014709ca220a0631ea3552a81e54f5666072b58a9c55481f59d5f41e796b8cca52e79d9872f2800a268a22845bf9a51646654ac0c80003389e88137d461a5742343ff127a20c3e63a97b93c280210b2f002ddec46103d08ec1478d08427b8e00d31484c1df0d087b9ce6409cd9b070f92805edced6078fcb2910fba3023155061b93e685b0d14e1cc38dca1bc0b8be111a0a086c9dea327e358c30c6640cf0604a5b30d10c1e58cc4cf52146eaa219b12fe0aaadaaa9662a907fdf0fe12ba505180e0976bdc2d58dd7356b28ad5ac2e860b0108b0808d4270116da201003e70e37bb8e9033678831c12565f2b50c10947a642928f5c852a3c010a7580814ab79910fb3a01bdcb5dc2129eb08512bca10d36b001a442d30799ec061e4776829aa94006e596ed0b2388f3139ad08428bce02171f642178e3703bdb061cc8694701782ff208414e8d8c08ac8d68e53e549318cb2280788b033c6c24f104307c3a5d54a87bdf3abefa020b6b95c6a17afaa9484ceb64832f0028ae3b262dfced8c5627df18c633d6bb1d6581c3cd6cbd23e00d47440a2117f96834a4120826257f9d82a88330850e08212c041af767841992744192d58db0b2838410be2e0060fb0e10638788394f3e0852f50410b54b882bad7bd6e2704af075e20f6b2b9e00217e001056164760962a003a639531f78e0833364608212b0a00db946b48fa9263ef2694c015a70c6848b54e12e9a82b4accdb8c6bff302149402053253ea55473e62d91a292c463a3158552c6b16cf1ac6b5aeb5596b5de3708ca34d931cd0272d9b88ff0846e299740086c041808c50185d7d2620010c56e02021e7e020e829f6088a2d0252dc61db0d0a811ac4ecf42e1c61073ff801f0f2d85ce66e2a254dd8c21e64800213d4410e2e01060a5e70073a80b7c0091e971c9e0e1d3cb8400e2cf0400814ee631aa8c1b29edc4003ee7980324878d20c0df5552d4e3911571eb67af8f4a7bd20027d9659e214aff4fe4a6e72f4b4ccc1bc85758c693df30110c0f5ae8ff9ac634f0004606192214830ee3fb0601af0ba06387f84aa1eb47794bdc0047930011e906f8255c0000e6e08f3332b621084e21205a8c8c11cdee006847fe0cf426e41144e92c7411241867684820b48808a3ac4e10d9f69810b72e082e747ff3fe1f8c0c187ead0b816c8e1cb0c46788c900e3c411c21c02a978000056005652071134761b2357aa2277a45526e5f50066d66005ac00763516cce115ba4566aa5871eebc10063c56265b57a33377baf177b03f08230087b30f87aafb7001b00003d91636b20547a91596a902a3e57036d601b2d310775d0027490847450074938077200076f80033640351df220713007f3f70a8df376d0d70136907b2f020772e00227f0041ef152be010472b002724011efe706b5f1194fc87d5388177937849ff118dde7017044784c9373bc665967603146350c6340068e971e28177ab2954b5ec0075e10895ff00566a06ee2510cc340065fc081cd2071fb1481a0c6ff3f24e607620014c6246bb4566b31d8822d288332180031187b08b00193946387f6011c700610c001b8374f43b4065a8703fae719f0578cc6e8063810037ca86313d321dc07192d2107ef075e36c006e2900fc2262c55607ede34054a401be1c67d525803612666c2086683a72df82066c8888e092680c21702f2a801ad720009400c56600088686d9338895ae08fd6668957d06618a88fc3500006900005b09009300105a08962100a54371614874b24375bcd600718f0722d978ab3077b331600ac188baf078b33386b01308b6c00411e70061ba00102e0000cc0000f7006b9177c3811091f408e3ae0013ee90169900640c906dec60654c34c91a00621e0ff2031208c3100663570036af087cf1421e5451368e81b4d00016ea003e51866517903f2349651f930b8b68313a30642038f11238f21c00102703108490c5d310675699787689706d015c5309706b09080a99082e99001500065e032cd506c90078123d78832930319f06a32b67ab20792b1e88a26198399390026990059d0922f89010e600116c03304f00069605987a6133bb863374003af6959b8c7063c0709e5d0268c969408760f13845cf6858653900441100670d006be384f3d8694acf98e6ac5963be87b1f800526480098589dd6f997801998d93901dcf9823157000d809831f178ce215a21582420b0073890010300732ba88a337699af188b0150ff9ff53901f57992df209a17b05baf3600c1b5637f98937aa18e7688233b610e8da0060f9203771667f0c06e12aa6effd80727e002718003fb2520a6325c6c792a06d84919a000041000d7899dd9990009a00005a0a205d09ddd396b08400007507b345a4a03d000b282073890038a195a24076aca600700a001339a8a2be89d22299fb0689f4e1a00dcd99db1d7161550016fa18ade59a23658a01cf5a13a01096c85301c186764da57662a617ea00778e07ef7a763cde9a53ea593bd079705509873999d785a98f5d9a251ca9d083001ae071735ea590880002b0a980db0053a70036f505e13566117a91e7140035970a4b2c78a25499f4f0aa5515aa7809affa5d4500145e11e591a9fa65aa20a90054bd363700a1c82b27f30517aff73727ca0a6761006dc6603b0d9aa708a1793108849849fd989a2295a980a008b1360a91130aacb5a4a13d0900a89a709a0016da2067880a6a2307222964b7e800753b80124da7a34589299d9a49cc9a97d2aa5532a0107509a0a149f2e3892b058920db001aaa917bc9a1791c00669f02174403fa7154b61f084523895f9ea9c5d0a5493308fc7baa77bba907a7a9fafa7accb2aa807a0000ad0900e19ad0b89a25d408061206f15396ab7240a72a0231bb000e30a92adc8992fd8a4e80aa58509a8341a0d071024a65999ae38922fbb0058c0a56fcaab408687d128074e08774e38ff074e18076fd8066c907b5d7ab0f0580e373003bcc6025d50a70e7b9f527aa91b33aa7ffaac2a3ab68299902eaa0019208f6b800308f2814b517957e50779801f3480052acb8233a89932cb9df6b9aed2509a376b56b44783de99b72f0b834d1a5cf921b5fa3a2061a67fdce70692eb061c20b995eb06690066afe96b8ceb9c3a3949d0099709d0b7033001b356a3b176010e800118605408300008a000854ab68249bb2a9a056ef9013e3a3890ca327d2007bb0a01774bb8ae78ae7d5aa7817ab30760a56572a9c5fbbc854b9f0e249b9ddbb83bd9213a90bdd99b06d96b03daebbd3c11b4d5fb3de5300933d04921e00619d0002679a90bc0001890011b00ff0169a001c781b1853a010a20b6b6dba20dd9006130310cd60632322b92b73f20900781625961b000f289b82fd8a905e07afd79b316f09e589ab7adb8992d8bb805e0001d8073e2cbb88bb5133c71c29b5b0ee3eba5e680be3370786d800518c0009d85000cb0baf27b061c90063c96060250a3852abb188bb1b63bb6fb1b5cbeb7b96fe00e49e19820c0077030203c71060c60999a899f588c9f035014cd1b73b417bd861bc624f9b20520001e7017d4bbc2e4abc6bd8a6b6ab0930a668069000158a0011a30bf3a8c1f68e97bf65b7ba514bb0380b1dc59c4828c0667f07d3bc2a8ee3061cbb007718073e940c599d982f7e9b00bb9c55dccb2d04bbc9b79ff9930fbb201900019906096c5c6a67ccae47059c00754263c31f2c80646c9877618091c601cc954a8401cbb862abbb6abbf13f03321409b688c8b09436ccdb00776e00647290e67e0002249c9e8faac7a6aba3236aea6fab2add8c1c40bc1e6eab29ca900f62a9b238ccae4dcaa3a0954abbcca3b7244ba07002d09011a209a333a73855a7bdc49c482acb1185b000fd0063c57443d014df323075d09541034491cf000f9e9cd833cb3973ca3ab289ff24a9fde0cc1dc2cb30db051b9e7a1e5dcd1f9dace8a208f6d9263e71b88bf9a8b1b90013199b1758a8a7f2cbb61bbbfbb3cc47f8a0113d3873b980e6fac066ac96b8b2b28cebcc15a2bb3977caaae37ffaf605c921dfcc087fba9a57bae3f030050cbd11e5dd588961f679968a932960bab063ac00110b00118f0009680bcda3c7b2f0dd32b0abb51fa82a27c448ac6173b21a022bc089390060aedb2503a002f5aa7433d7b93dcc92edbb2e59a9f866d927c5bbadc69c64b33ce56fdd86ff287e9304f37e049277c736900d6f12c935a3cafd71cc14fcd8a85aacbb19bac301dc41ab03434409b02c29c66f9010270aec86ac98069c5167db89aa9b7e50ac1eacab7a27c18540dd9c24dbe098673373dd569e09219f000c731ae933992801adda60b7ba3fda7a5adcb329da310401c048883201db5b6f9011830c19cc99d2f4a980b49b3b9bdde82bdd0886b929d2cffa5f8a90058209bbee7d8c39ddf399973beb7236ba08b19e0001770821965db8a9dae2039a3411cbba79dac007a068607843ac263cca91321d0055a2cac0e0998330b7bedfdc9ebfdd4b8cdd08a1d83dc69c8075dcafabde2db82173dd149af898b1af00017dc55aff6912d8bc5e7edd4ae37a3320da8fb0bd31350179d749441939cf80a09939001f8c9a976fab02faaa9b28ddb800adf7b2ddf5aacd74fdd9df529003c0c47f8cde2faddcea862b51e00010fb03912e56a2e18c19d1aad31fa820a5eddd6fd7a1320000cc6ddb896e43a61591930bac76ba710fbc0f1edb29f7ae89d5de5a01dcdd10da562c0ca621ee91d7a686be0013a56096c1156a9e8ff8ad28d9fa37bde317831745e7b3e9eb6adc9aa383209f468c9829ede3018dd8bbee5b27ee82f0ba36ddde9d21dcab4189592deebc1710e6de20119500dcc8b4cd58ca52dd8d67d3db3eaedc7d5edc7816caf08067cf84da90a50bae7edd78039dd5b8ed8865ee2197ee06e7eeba58bacca3ebd9cebebea2e1c3987c6ab8d01f41156499aecfbdba9ad9ed83d3ee7b15ba30d50dffcade26f4203296b9f108ba7b4eeedafbee5b07ee5e50eeb7dcae8516a06215c60eb5ef190b0b977e101fba501375b2d2e5799ad98ac9caaed1d0e83fa2eea000a07b6a8c208aa6349e4b01bdeb1e4cdf0b68ee8518aac0afff0e9baf38599013a6294161ff4399d603710ff0e3f11ef9a6ee0e9aaa705efd4ce1ec435ea00109e73d53e49763bf2da0eb157dee8267ee04beff03bbff3e5ce99f51a02f2b49641efeba7deca37b0011d4f51973a7b4e7df31adba2d3aca4365a4aa5140002d0061c15e6135e310eddeac8ebf522eef5618fe5e6cef384d9e4868c2a7d98f6eb8e940b369543f000992e176285ba2bfbea7cbbe37eddb5ae07c44531011870c671048c67b0004e3aac9e0aee9c3aeb880feee31ef66e0e8b658c1f1b2af9158f9493845935b001a5c933a473e3f0daf5e95af78dffa9337631a58f01504b4489d0cc824ef832fbed58dcf0890fa38539fb37dfa4c24aad26bd9abcdffb9f04006980019ef3dccdcf82afebfff97c7bf37d5db84faf001a1080a93f3e5aebfa9e0a0813130382830113878401018485828d86838e88888d8b0d5834006b349a009fa0a1a2a3a4a5a6a7a8a9aaabacadae6b1f9c211f351b1712b811babbba041104c00403c003c590820585c983c3c11707091921aea4b01d6601c905dbdc8c88878c89928e87938f82e5930587ebed661db01f376bd4f5f6f7f8f9faa535359cf3370444c8c5abd70162c28821283661e124708f82013b704041164ff7387d4823205b366e06922992946ed23173e496511af9ad00060f6be6d1a0b7afa6cd9b38ebddd824730d160bb808f69a28719851630dc74d503948e22f051be8ada1a9f38607014b3f72dbe68d52ffa1aee8249d24f735ec526509b2d09cfa21a7dbb770714a9d4ae383070c038316f445e060516108103264f8a898af5f031a40c0786fde070c5c41725d748c30d96f4ac9955bb60dd1b60105d0bc591bb7b4e9d33aa7de80c020afd05ebf7ef995086c2181c003701b3bec6b808333fad6f49b01596bc8ce631f96456916592545910b8861c309b5f5ebd845c19a97064350090561f3954ddb5833f3bb7711c030836ae379c5b716089928b9d7451eb3796e7ed6f3a2760524e005071fc4f2c954d925a8604d54fd33c36a407d975778c0fcd2576d4535435b04075410c16f0084e01e3531edb445021f1db7ce22cc9553d200e978a35274da6c63400366d4c1ff811a35ec34e2824006c98a549bd4e5cf0d785510d401e085c70b5f130516d84152063350040b6011620d6de153d71a1aa0681c57cd11c2198c29992952566781644019026800011b3ab061c34e9b2028e49e7ca232d51a21b0a1060067b4a6e49257c626016f4faae7685fbf20f0c0069b7089a73d2502b0018a00aed81f656bcae822239ded17594809a021c00610c430c30c3484a046813ff669ebad0070c9890e21d0904606df1daad72e121cc08bb1b11da6de020b3880c1061cc8326badacdc7043ac1028d0293b91906ac94adfb0534c7e5b9561861810e0d0c94c9dfc398f9e7ae22a6f901ff40a4b0d9a9cf180044a0aab8b5ee0054cec9307341bffe706677452c30c051a880f2cf440d040240828e0106605a0c9e252a0b1b34e56dc90c180005b4090c60733e01bab887fd253179ef1ce2b737631ddeb8faf1930292c2e4c7e97cbcfba14ccc0031920ec41976cd150038fd40ef9c14c850680c00115234056499d81e3116836269080195e68b0428f9cc453200def22d8f2cc6c2f4824d39f0cb16f0574f7eb33d01c2e30f4b36774d016c49cdcacf40d5d3e0c68081d603000450b29c01f8b197f4cee7c0934f0851858700000bb52d100eb4c2dabdd74dba49f66edd3d77ea06f5075fbac8b050c384034abd1c6b3792c9e7722cfdff3e4c3d6341920f08c308d68e348e4201ba07caa5d700141b4ebfe53ff36bea1ff387ae9d8bb95b463aa67f08005e04700be05b2139d05c20482023a2c21c0fab46a6b07f7011bb0b276616ea061bc31480998db450e7dc35d3c6462af98e46913a158cbf5b2c740061de813a84bc31920b0010d686003ac92c21938703400140e7e52b1967b16e80ac7c0ea2e038800523a06321b6d43551ac85c1a3ab889102ced6fb162cc031bc8c3205d2b04d652830ed4908634a881700542609e669227d199660db3d21d6b9e42098fb8900c68e8c206e2e086f684601a073c5be1fed6c332f6491e6b6018adaca50911d18a2ef18a635c6222abdc792003c1e09a0b719481ccb5e1414aab8107ae054711960d16664ca49060311335084a65ffbdaa175b3881b64e28881e05b2170730c029e51940555c9043076ce081cfe58e9069035d252da9c856ba2d1e3a409dd294368bcec5af89317b0b25ff54af0e68e00b0f8853ba7460ad6bd52516b2d8a51ca1483d573af33a2d63d931e571837eac6f7323acde2d6d02c562ea6061b2f2800d14b6aee8cde4036a98e4fa1498a7773df39da721921395b8437a5e52811073182e69e2231292109e000d4e199df8cf801af4a0084da84217cad0863af4a1108da844274ad18a5af4a218cda84637cad18e7af4a3200da948474ad2929af4a4284da94a57cad296baf4a5308da94c674ad39adaf4a638cda94e77cad39efaf4a7400daa50874ad4a21af5a8484d4daa5297cad4a63af5a9508daa54a74ad5aa5af5aa58cdaa56b7cad5ae7af5ab600dab58c74ad6b29af5ac684dab5ad7cad6b6baf5ad708dab5ce74ad7badaf5ae78cdab5ef7cad7befa55a78100003b);

-- --------------------------------------------------------

--
-- Table structure for table `tbl_unit`
--

CREATE TABLE IF NOT EXISTS `tbl_unit` (
  `unitid` int(4) NOT NULL AUTO_INCREMENT,
  `wardno` int(2) NOT NULL,
  `unitname` varchar(30) NOT NULL,
  `admin_id` int(4) NOT NULL,
  `applicantid` int(4) NOT NULL,
  `status` varchar(15) NOT NULL,
  PRIMARY KEY (`unitid`)
) ENGINE=InnoDB  DEFAULT CHARSET=latin1 AUTO_INCREMENT=10 ;

--
-- Dumping data for table `tbl_unit`
--

INSERT INTO `tbl_unit` (`unitid`, `wardno`, `unitname`, `admin_id`, `applicantid`, `status`) VALUES
(1, 1, '1_a', 1, 1, 'Verified'),
(2, 2, '2_a', 2, 2, 'Verified'),
(3, 1, '1_b', 3, 3, 'Verified'),
(4, 2, '2_b', 4, 4, 'Verified'),
(5, 4, 'hari', 9, 9, 'Verified'),
(6, 5, 'o', 11, 11, 'Verified'),
(7, 5, 'i', 12, 12, 'Verified'),
(8, 5, 'y', 0, 13, 'Not Verified'),
(9, 9, 'q', 14, 14, 'Verified');

-- --------------------------------------------------------

--
-- Table structure for table `tbl_unitchange`
--

CREATE TABLE IF NOT EXISTS `tbl_unitchange` (
  `ucid` int(4) NOT NULL AUTO_INCREMENT,
  `userid` int(4) NOT NULL,
  `fromm` int(4) NOT NULL,
  `too` int(4) NOT NULL,
  `status` varchar(15) NOT NULL,
  PRIMARY KEY (`ucid`)
) ENGINE=InnoDB  DEFAULT CHARSET=latin1 AUTO_INCREMENT=4 ;

--
-- Dumping data for table `tbl_unitchange`
--

INSERT INTO `tbl_unitchange` (`ucid`, `userid`, `fromm`, `too`, `status`) VALUES
(3, 15, 7, 6, 'Verified');

-- --------------------------------------------------------

--
-- Table structure for table `tbl_unitmeetings`
--

CREATE TABLE IF NOT EXISTS `tbl_unitmeetings` (
  `mid` int(4) NOT NULL AUTO_INCREMENT,
  `unitid` int(4) NOT NULL,
  `date` varchar(10) NOT NULL,
  `place` varchar(30) NOT NULL,
  PRIMARY KEY (`mid`)
) ENGINE=InnoDB  DEFAULT CHARSET=latin1 AUTO_INCREMENT=11 ;

--
-- Dumping data for table `tbl_unitmeetings`
--

INSERT INTO `tbl_unitmeetings` (`mid`, `unitid`, `date`, `place`) VALUES
(1, 3, '10/11/2018', 'KYJ'),
(2, 3, '09/11/2018', 'MVK'),
(3, 3, '08/11/2018', 'kk'),
(4, 3, '07/11/2018', 'fghj'),
(5, 3, '06/11/2018', 'KYJ'),
(6, 1, '12/11/2018', 'MVK'),
(7, 3, '13/11/2018', 'Mavelikara'),
(8, 3, '14/11/2018', 'ha'),
(9, 1, '15/11/2018', 'mmm'),
(10, 1, '11/11/2018', 'hj');

/*!40101 SET CHARACTER_SET_CLIENT=@OLD_CHARACTER_SET_CLIENT */;
/*!40101 SET CHARACTER_SET_RESULTS=@OLD_CHARACTER_SET_RESULTS */;
/*!40101 SET COLLATION_CONNECTION=@OLD_COLLATION_CONNECTION */;
